--
-- PostgreSQL database dump
--

-- Dumped from database version 12.11 (Ubuntu 12.11-0ubuntu0.20.04.1)
-- Dumped by pg_dump version 12.11 (Ubuntu 12.11-0ubuntu0.20.04.1)

SET statement_timeout = 0;
SET lock_timeout = 0;
SET idle_in_transaction_session_timeout = 0;
SET client_encoding = 'UTF8';
SET standard_conforming_strings = on;
SELECT pg_catalog.set_config('search_path', '', false);
SET check_function_bodies = false;
SET xmloption = content;
SET client_min_messages = warning;
SET row_security = off;

SET default_tablespace = '';

SET default_table_access_method = heap;

--
-- Name: admin_permissions; Type: TABLE; Schema: public; Owner: cvgendb
--

CREATE TABLE public.admin_permissions (
    id integer NOT NULL,
    action character varying(255),
    subject character varying(255),
    properties jsonb,
    conditions jsonb,
    created_at timestamp(6) without time zone,
    updated_at timestamp(6) without time zone,
    created_by_id integer,
    updated_by_id integer
);


ALTER TABLE public.admin_permissions OWNER TO cvgendb;

--
-- Name: admin_permissions_id_seq; Type: SEQUENCE; Schema: public; Owner: cvgendb
--

CREATE SEQUENCE public.admin_permissions_id_seq
    AS integer
    START WITH 1
    INCREMENT BY 1
    NO MINVALUE
    NO MAXVALUE
    CACHE 1;


ALTER TABLE public.admin_permissions_id_seq OWNER TO cvgendb;

--
-- Name: admin_permissions_id_seq; Type: SEQUENCE OWNED BY; Schema: public; Owner: cvgendb
--

ALTER SEQUENCE public.admin_permissions_id_seq OWNED BY public.admin_permissions.id;


--
-- Name: admin_permissions_role_links; Type: TABLE; Schema: public; Owner: cvgendb
--

CREATE TABLE public.admin_permissions_role_links (
    id integer NOT NULL,
    permission_id integer,
    role_id integer,
    permission_order integer
);


ALTER TABLE public.admin_permissions_role_links OWNER TO cvgendb;

--
-- Name: admin_permissions_role_links_id_seq; Type: SEQUENCE; Schema: public; Owner: cvgendb
--

CREATE SEQUENCE public.admin_permissions_role_links_id_seq
    AS integer
    START WITH 1
    INCREMENT BY 1
    NO MINVALUE
    NO MAXVALUE
    CACHE 1;


ALTER TABLE public.admin_permissions_role_links_id_seq OWNER TO cvgendb;

--
-- Name: admin_permissions_role_links_id_seq; Type: SEQUENCE OWNED BY; Schema: public; Owner: cvgendb
--

ALTER SEQUENCE public.admin_permissions_role_links_id_seq OWNED BY public.admin_permissions_role_links.id;


--
-- Name: admin_roles; Type: TABLE; Schema: public; Owner: cvgendb
--

CREATE TABLE public.admin_roles (
    id integer NOT NULL,
    name character varying(255),
    code character varying(255),
    description character varying(255),
    created_at timestamp(6) without time zone,
    updated_at timestamp(6) without time zone,
    created_by_id integer,
    updated_by_id integer
);


ALTER TABLE public.admin_roles OWNER TO cvgendb;

--
-- Name: admin_roles_id_seq; Type: SEQUENCE; Schema: public; Owner: cvgendb
--

CREATE SEQUENCE public.admin_roles_id_seq
    AS integer
    START WITH 1
    INCREMENT BY 1
    NO MINVALUE
    NO MAXVALUE
    CACHE 1;


ALTER TABLE public.admin_roles_id_seq OWNER TO cvgendb;

--
-- Name: admin_roles_id_seq; Type: SEQUENCE OWNED BY; Schema: public; Owner: cvgendb
--

ALTER SEQUENCE public.admin_roles_id_seq OWNED BY public.admin_roles.id;


--
-- Name: admin_users; Type: TABLE; Schema: public; Owner: cvgendb
--

CREATE TABLE public.admin_users (
    id integer NOT NULL,
    firstname character varying(255),
    lastname character varying(255),
    username character varying(255),
    email character varying(255),
    password character varying(255),
    reset_password_token character varying(255),
    registration_token character varying(255),
    is_active boolean,
    blocked boolean,
    prefered_language character varying(255),
    created_at timestamp(6) without time zone,
    updated_at timestamp(6) without time zone,
    created_by_id integer,
    updated_by_id integer
);


ALTER TABLE public.admin_users OWNER TO cvgendb;

--
-- Name: admin_users_id_seq; Type: SEQUENCE; Schema: public; Owner: cvgendb
--

CREATE SEQUENCE public.admin_users_id_seq
    AS integer
    START WITH 1
    INCREMENT BY 1
    NO MINVALUE
    NO MAXVALUE
    CACHE 1;


ALTER TABLE public.admin_users_id_seq OWNER TO cvgendb;

--
-- Name: admin_users_id_seq; Type: SEQUENCE OWNED BY; Schema: public; Owner: cvgendb
--

ALTER SEQUENCE public.admin_users_id_seq OWNED BY public.admin_users.id;


--
-- Name: admin_users_roles_links; Type: TABLE; Schema: public; Owner: cvgendb
--

CREATE TABLE public.admin_users_roles_links (
    id integer NOT NULL,
    user_id integer,
    role_id integer,
    role_order integer,
    user_order integer
);


ALTER TABLE public.admin_users_roles_links OWNER TO cvgendb;

--
-- Name: admin_users_roles_links_id_seq; Type: SEQUENCE; Schema: public; Owner: cvgendb
--

CREATE SEQUENCE public.admin_users_roles_links_id_seq
    AS integer
    START WITH 1
    INCREMENT BY 1
    NO MINVALUE
    NO MAXVALUE
    CACHE 1;


ALTER TABLE public.admin_users_roles_links_id_seq OWNER TO cvgendb;

--
-- Name: admin_users_roles_links_id_seq; Type: SEQUENCE OWNED BY; Schema: public; Owner: cvgendb
--

ALTER SEQUENCE public.admin_users_roles_links_id_seq OWNED BY public.admin_users_roles_links.id;


--
-- Name: cvs; Type: TABLE; Schema: public; Owner: cvgendb
--

CREATE TABLE public.cvs (
    id integer NOT NULL,
    created_at timestamp(6) without time zone,
    updated_at timestamp(6) without time zone,
    created_by_id integer,
    updated_by_id integer,
    locale character varying(255),
    description text,
    uuid character varying(255)
);


ALTER TABLE public.cvs OWNER TO cvgendb;

--
-- Name: cvs_id_seq; Type: SEQUENCE; Schema: public; Owner: cvgendb
--

CREATE SEQUENCE public.cvs_id_seq
    AS integer
    START WITH 1
    INCREMENT BY 1
    NO MINVALUE
    NO MAXVALUE
    CACHE 1;


ALTER TABLE public.cvs_id_seq OWNER TO cvgendb;

--
-- Name: cvs_id_seq; Type: SEQUENCE OWNED BY; Schema: public; Owner: cvgendb
--

ALTER SEQUENCE public.cvs_id_seq OWNED BY public.cvs.id;


--
-- Name: cvs_localizations_links; Type: TABLE; Schema: public; Owner: cvgendb
--

CREATE TABLE public.cvs_localizations_links (
    id integer NOT NULL,
    cv_id integer,
    inv_cv_id integer,
    cv_order integer
);


ALTER TABLE public.cvs_localizations_links OWNER TO cvgendb;

--
-- Name: cvs_localizations_links_id_seq; Type: SEQUENCE; Schema: public; Owner: cvgendb
--

CREATE SEQUENCE public.cvs_localizations_links_id_seq
    AS integer
    START WITH 1
    INCREMENT BY 1
    NO MINVALUE
    NO MAXVALUE
    CACHE 1;


ALTER TABLE public.cvs_localizations_links_id_seq OWNER TO cvgendb;

--
-- Name: cvs_localizations_links_id_seq; Type: SEQUENCE OWNED BY; Schema: public; Owner: cvgendb
--

ALTER SEQUENCE public.cvs_localizations_links_id_seq OWNED BY public.cvs_localizations_links.id;


--
-- Name: cvs_profile_links; Type: TABLE; Schema: public; Owner: cvgendb
--

CREATE TABLE public.cvs_profile_links (
    id integer NOT NULL,
    cv_id integer,
    profile_id integer,
    cv_order integer
);


ALTER TABLE public.cvs_profile_links OWNER TO cvgendb;

--
-- Name: cvs_profile_links_id_seq; Type: SEQUENCE; Schema: public; Owner: cvgendb
--

CREATE SEQUENCE public.cvs_profile_links_id_seq
    AS integer
    START WITH 1
    INCREMENT BY 1
    NO MINVALUE
    NO MAXVALUE
    CACHE 1;


ALTER TABLE public.cvs_profile_links_id_seq OWNER TO cvgendb;

--
-- Name: cvs_profile_links_id_seq; Type: SEQUENCE OWNED BY; Schema: public; Owner: cvgendb
--

ALTER SEQUENCE public.cvs_profile_links_id_seq OWNED BY public.cvs_profile_links.id;


--
-- Name: educations; Type: TABLE; Schema: public; Owner: cvgendb
--

CREATE TABLE public.educations (
    id integer NOT NULL,
    degree character varying(255),
    year date,
    created_at timestamp(6) without time zone,
    updated_at timestamp(6) without time zone,
    created_by_id integer,
    updated_by_id integer,
    locale character varying(255)
);


ALTER TABLE public.educations OWNER TO cvgendb;

--
-- Name: educations_id_seq; Type: SEQUENCE; Schema: public; Owner: cvgendb
--

CREATE SEQUENCE public.educations_id_seq
    AS integer
    START WITH 1
    INCREMENT BY 1
    NO MINVALUE
    NO MAXVALUE
    CACHE 1;


ALTER TABLE public.educations_id_seq OWNER TO cvgendb;

--
-- Name: educations_id_seq; Type: SEQUENCE OWNED BY; Schema: public; Owner: cvgendb
--

ALTER SEQUENCE public.educations_id_seq OWNED BY public.educations.id;


--
-- Name: educations_localizations_links; Type: TABLE; Schema: public; Owner: cvgendb
--

CREATE TABLE public.educations_localizations_links (
    id integer NOT NULL,
    education_id integer,
    inv_education_id integer,
    education_order integer
);


ALTER TABLE public.educations_localizations_links OWNER TO cvgendb;

--
-- Name: educations_localizations_links_id_seq; Type: SEQUENCE; Schema: public; Owner: cvgendb
--

CREATE SEQUENCE public.educations_localizations_links_id_seq
    AS integer
    START WITH 1
    INCREMENT BY 1
    NO MINVALUE
    NO MAXVALUE
    CACHE 1;


ALTER TABLE public.educations_localizations_links_id_seq OWNER TO cvgendb;

--
-- Name: educations_localizations_links_id_seq; Type: SEQUENCE OWNED BY; Schema: public; Owner: cvgendb
--

ALTER SEQUENCE public.educations_localizations_links_id_seq OWNED BY public.educations_localizations_links.id;


--
-- Name: educations_profile_links; Type: TABLE; Schema: public; Owner: cvgendb
--

CREATE TABLE public.educations_profile_links (
    id integer NOT NULL,
    education_id integer,
    profile_id integer,
    education_order integer
);


ALTER TABLE public.educations_profile_links OWNER TO cvgendb;

--
-- Name: educations_profile_links_id_seq; Type: SEQUENCE; Schema: public; Owner: cvgendb
--

CREATE SEQUENCE public.educations_profile_links_id_seq
    AS integer
    START WITH 1
    INCREMENT BY 1
    NO MINVALUE
    NO MAXVALUE
    CACHE 1;


ALTER TABLE public.educations_profile_links_id_seq OWNER TO cvgendb;

--
-- Name: educations_profile_links_id_seq; Type: SEQUENCE OWNED BY; Schema: public; Owner: cvgendb
--

ALTER SEQUENCE public.educations_profile_links_id_seq OWNED BY public.educations_profile_links.id;


--
-- Name: experiences; Type: TABLE; Schema: public; Owner: cvgendb
--

CREATE TABLE public.experiences (
    id integer NOT NULL,
    title character varying(255),
    description text,
    start date,
    "end" date,
    created_at timestamp(6) without time zone,
    updated_at timestamp(6) without time zone,
    created_by_id integer,
    updated_by_id integer,
    locale character varying(255),
    company character varying(255),
    technologies text
);


ALTER TABLE public.experiences OWNER TO cvgendb;

--
-- Name: experiences_id_seq; Type: SEQUENCE; Schema: public; Owner: cvgendb
--

CREATE SEQUENCE public.experiences_id_seq
    AS integer
    START WITH 1
    INCREMENT BY 1
    NO MINVALUE
    NO MAXVALUE
    CACHE 1;


ALTER TABLE public.experiences_id_seq OWNER TO cvgendb;

--
-- Name: experiences_id_seq; Type: SEQUENCE OWNED BY; Schema: public; Owner: cvgendb
--

ALTER SEQUENCE public.experiences_id_seq OWNED BY public.experiences.id;


--
-- Name: experiences_localizations_links; Type: TABLE; Schema: public; Owner: cvgendb
--

CREATE TABLE public.experiences_localizations_links (
    id integer NOT NULL,
    experience_id integer,
    inv_experience_id integer,
    experience_order integer
);


ALTER TABLE public.experiences_localizations_links OWNER TO cvgendb;

--
-- Name: experiences_localizations_links_id_seq; Type: SEQUENCE; Schema: public; Owner: cvgendb
--

CREATE SEQUENCE public.experiences_localizations_links_id_seq
    AS integer
    START WITH 1
    INCREMENT BY 1
    NO MINVALUE
    NO MAXVALUE
    CACHE 1;


ALTER TABLE public.experiences_localizations_links_id_seq OWNER TO cvgendb;

--
-- Name: experiences_localizations_links_id_seq; Type: SEQUENCE OWNED BY; Schema: public; Owner: cvgendb
--

ALTER SEQUENCE public.experiences_localizations_links_id_seq OWNED BY public.experiences_localizations_links.id;


--
-- Name: experiences_profile_links; Type: TABLE; Schema: public; Owner: cvgendb
--

CREATE TABLE public.experiences_profile_links (
    id integer NOT NULL,
    experience_id integer,
    profile_id integer,
    experience_order integer
);


ALTER TABLE public.experiences_profile_links OWNER TO cvgendb;

--
-- Name: experiences_profile_links_id_seq; Type: SEQUENCE; Schema: public; Owner: cvgendb
--

CREATE SEQUENCE public.experiences_profile_links_id_seq
    AS integer
    START WITH 1
    INCREMENT BY 1
    NO MINVALUE
    NO MAXVALUE
    CACHE 1;


ALTER TABLE public.experiences_profile_links_id_seq OWNER TO cvgendb;

--
-- Name: experiences_profile_links_id_seq; Type: SEQUENCE OWNED BY; Schema: public; Owner: cvgendb
--

ALTER SEQUENCE public.experiences_profile_links_id_seq OWNED BY public.experiences_profile_links.id;


--
-- Name: files; Type: TABLE; Schema: public; Owner: cvgendb
--

CREATE TABLE public.files (
    id integer NOT NULL,
    name character varying(255),
    alternative_text character varying(255),
    caption character varying(255),
    width integer,
    height integer,
    formats jsonb,
    hash character varying(255),
    ext character varying(255),
    mime character varying(255),
    size numeric(10,2),
    url character varying(255),
    preview_url character varying(255),
    provider character varying(255),
    provider_metadata jsonb,
    folder_path character varying(255),
    created_at timestamp(6) without time zone,
    updated_at timestamp(6) without time zone,
    created_by_id integer,
    updated_by_id integer
);


ALTER TABLE public.files OWNER TO cvgendb;

--
-- Name: files_folder_links; Type: TABLE; Schema: public; Owner: cvgendb
--

CREATE TABLE public.files_folder_links (
    id integer NOT NULL,
    file_id integer,
    folder_id integer,
    file_order integer
);


ALTER TABLE public.files_folder_links OWNER TO cvgendb;

--
-- Name: files_folder_links_id_seq; Type: SEQUENCE; Schema: public; Owner: cvgendb
--

CREATE SEQUENCE public.files_folder_links_id_seq
    AS integer
    START WITH 1
    INCREMENT BY 1
    NO MINVALUE
    NO MAXVALUE
    CACHE 1;


ALTER TABLE public.files_folder_links_id_seq OWNER TO cvgendb;

--
-- Name: files_folder_links_id_seq; Type: SEQUENCE OWNED BY; Schema: public; Owner: cvgendb
--

ALTER SEQUENCE public.files_folder_links_id_seq OWNED BY public.files_folder_links.id;


--
-- Name: files_id_seq; Type: SEQUENCE; Schema: public; Owner: cvgendb
--

CREATE SEQUENCE public.files_id_seq
    AS integer
    START WITH 1
    INCREMENT BY 1
    NO MINVALUE
    NO MAXVALUE
    CACHE 1;


ALTER TABLE public.files_id_seq OWNER TO cvgendb;

--
-- Name: files_id_seq; Type: SEQUENCE OWNED BY; Schema: public; Owner: cvgendb
--

ALTER SEQUENCE public.files_id_seq OWNED BY public.files.id;


--
-- Name: files_related_morphs; Type: TABLE; Schema: public; Owner: cvgendb
--

CREATE TABLE public.files_related_morphs (
    id integer NOT NULL,
    file_id integer,
    related_id integer,
    related_type character varying(255),
    field character varying(255),
    "order" integer
);


ALTER TABLE public.files_related_morphs OWNER TO cvgendb;

--
-- Name: files_related_morphs_id_seq; Type: SEQUENCE; Schema: public; Owner: cvgendb
--

CREATE SEQUENCE public.files_related_morphs_id_seq
    AS integer
    START WITH 1
    INCREMENT BY 1
    NO MINVALUE
    NO MAXVALUE
    CACHE 1;


ALTER TABLE public.files_related_morphs_id_seq OWNER TO cvgendb;

--
-- Name: files_related_morphs_id_seq; Type: SEQUENCE OWNED BY; Schema: public; Owner: cvgendb
--

ALTER SEQUENCE public.files_related_morphs_id_seq OWNED BY public.files_related_morphs.id;


--
-- Name: i18n_locale; Type: TABLE; Schema: public; Owner: cvgendb
--

CREATE TABLE public.i18n_locale (
    id integer NOT NULL,
    name character varying(255),
    code character varying(255),
    created_at timestamp(6) without time zone,
    updated_at timestamp(6) without time zone,
    created_by_id integer,
    updated_by_id integer
);


ALTER TABLE public.i18n_locale OWNER TO cvgendb;

--
-- Name: i18n_locale_id_seq; Type: SEQUENCE; Schema: public; Owner: cvgendb
--

CREATE SEQUENCE public.i18n_locale_id_seq
    AS integer
    START WITH 1
    INCREMENT BY 1
    NO MINVALUE
    NO MAXVALUE
    CACHE 1;


ALTER TABLE public.i18n_locale_id_seq OWNER TO cvgendb;

--
-- Name: i18n_locale_id_seq; Type: SEQUENCE OWNED BY; Schema: public; Owner: cvgendb
--

ALTER SEQUENCE public.i18n_locale_id_seq OWNED BY public.i18n_locale.id;


--
-- Name: languages; Type: TABLE; Schema: public; Owner: cvgendb
--

CREATE TABLE public.languages (
    id integer NOT NULL,
    name character varying(255),
    level character varying(255),
    level_rate integer,
    created_at timestamp(6) without time zone,
    updated_at timestamp(6) without time zone,
    created_by_id integer,
    updated_by_id integer,
    locale character varying(255)
);


ALTER TABLE public.languages OWNER TO cvgendb;

--
-- Name: languages_id_seq; Type: SEQUENCE; Schema: public; Owner: cvgendb
--

CREATE SEQUENCE public.languages_id_seq
    AS integer
    START WITH 1
    INCREMENT BY 1
    NO MINVALUE
    NO MAXVALUE
    CACHE 1;


ALTER TABLE public.languages_id_seq OWNER TO cvgendb;

--
-- Name: languages_id_seq; Type: SEQUENCE OWNED BY; Schema: public; Owner: cvgendb
--

ALTER SEQUENCE public.languages_id_seq OWNED BY public.languages.id;


--
-- Name: languages_localizations_links; Type: TABLE; Schema: public; Owner: cvgendb
--

CREATE TABLE public.languages_localizations_links (
    id integer NOT NULL,
    language_id integer,
    inv_language_id integer,
    language_order integer
);


ALTER TABLE public.languages_localizations_links OWNER TO cvgendb;

--
-- Name: languages_localizations_links_id_seq; Type: SEQUENCE; Schema: public; Owner: cvgendb
--

CREATE SEQUENCE public.languages_localizations_links_id_seq
    AS integer
    START WITH 1
    INCREMENT BY 1
    NO MINVALUE
    NO MAXVALUE
    CACHE 1;


ALTER TABLE public.languages_localizations_links_id_seq OWNER TO cvgendb;

--
-- Name: languages_localizations_links_id_seq; Type: SEQUENCE OWNED BY; Schema: public; Owner: cvgendb
--

ALTER SEQUENCE public.languages_localizations_links_id_seq OWNED BY public.languages_localizations_links.id;


--
-- Name: languages_profiles_links; Type: TABLE; Schema: public; Owner: cvgendb
--

CREATE TABLE public.languages_profiles_links (
    id integer NOT NULL,
    language_id integer,
    profile_id integer,
    profile_order integer,
    language_order integer
);


ALTER TABLE public.languages_profiles_links OWNER TO cvgendb;

--
-- Name: languages_profiles_links_id_seq; Type: SEQUENCE; Schema: public; Owner: cvgendb
--

CREATE SEQUENCE public.languages_profiles_links_id_seq
    AS integer
    START WITH 1
    INCREMENT BY 1
    NO MINVALUE
    NO MAXVALUE
    CACHE 1;


ALTER TABLE public.languages_profiles_links_id_seq OWNER TO cvgendb;

--
-- Name: languages_profiles_links_id_seq; Type: SEQUENCE OWNED BY; Schema: public; Owner: cvgendb
--

ALTER SEQUENCE public.languages_profiles_links_id_seq OWNED BY public.languages_profiles_links.id;


--
-- Name: profiles; Type: TABLE; Schema: public; Owner: cvgendb
--

CREATE TABLE public.profiles (
    id integer NOT NULL,
    first_name character varying(255),
    last_name character varying(255),
    phone character varying(255),
    exp integer,
    assets text,
    created_at timestamp(6) without time zone,
    updated_at timestamp(6) without time zone,
    created_by_id integer,
    updated_by_id integer,
    locale character varying(255),
    title character varying(255)
);


ALTER TABLE public.profiles OWNER TO cvgendb;

--
-- Name: profiles_id_seq; Type: SEQUENCE; Schema: public; Owner: cvgendb
--

CREATE SEQUENCE public.profiles_id_seq
    AS integer
    START WITH 1
    INCREMENT BY 1
    NO MINVALUE
    NO MAXVALUE
    CACHE 1;


ALTER TABLE public.profiles_id_seq OWNER TO cvgendb;

--
-- Name: profiles_id_seq; Type: SEQUENCE OWNED BY; Schema: public; Owner: cvgendb
--

ALTER SEQUENCE public.profiles_id_seq OWNED BY public.profiles.id;


--
-- Name: profiles_languages_links; Type: TABLE; Schema: public; Owner: cvgendb
--

CREATE TABLE public.profiles_languages_links (
    id integer NOT NULL,
    profile_id integer,
    language_id integer,
    language_order integer,
    profile_order integer
);


ALTER TABLE public.profiles_languages_links OWNER TO cvgendb;

--
-- Name: profiles_languages_links_id_seq; Type: SEQUENCE; Schema: public; Owner: cvgendb
--

CREATE SEQUENCE public.profiles_languages_links_id_seq
    AS integer
    START WITH 1
    INCREMENT BY 1
    NO MINVALUE
    NO MAXVALUE
    CACHE 1;


ALTER TABLE public.profiles_languages_links_id_seq OWNER TO cvgendb;

--
-- Name: profiles_languages_links_id_seq; Type: SEQUENCE OWNED BY; Schema: public; Owner: cvgendb
--

ALTER SEQUENCE public.profiles_languages_links_id_seq OWNED BY public.profiles_languages_links.id;


--
-- Name: profiles_localizations_links; Type: TABLE; Schema: public; Owner: cvgendb
--

CREATE TABLE public.profiles_localizations_links (
    id integer NOT NULL,
    profile_id integer,
    inv_profile_id integer,
    profile_order integer
);


ALTER TABLE public.profiles_localizations_links OWNER TO cvgendb;

--
-- Name: profiles_localizations_links_id_seq; Type: SEQUENCE; Schema: public; Owner: cvgendb
--

CREATE SEQUENCE public.profiles_localizations_links_id_seq
    AS integer
    START WITH 1
    INCREMENT BY 1
    NO MINVALUE
    NO MAXVALUE
    CACHE 1;


ALTER TABLE public.profiles_localizations_links_id_seq OWNER TO cvgendb;

--
-- Name: profiles_localizations_links_id_seq; Type: SEQUENCE OWNED BY; Schema: public; Owner: cvgendb
--

ALTER SEQUENCE public.profiles_localizations_links_id_seq OWNED BY public.profiles_localizations_links.id;


--
-- Name: strapi_api_token_permissions; Type: TABLE; Schema: public; Owner: cvgendb
--

CREATE TABLE public.strapi_api_token_permissions (
    id integer NOT NULL,
    action character varying(255),
    created_at timestamp(6) without time zone,
    updated_at timestamp(6) without time zone,
    created_by_id integer,
    updated_by_id integer
);


ALTER TABLE public.strapi_api_token_permissions OWNER TO cvgendb;

--
-- Name: strapi_api_token_permissions_id_seq; Type: SEQUENCE; Schema: public; Owner: cvgendb
--

CREATE SEQUENCE public.strapi_api_token_permissions_id_seq
    AS integer
    START WITH 1
    INCREMENT BY 1
    NO MINVALUE
    NO MAXVALUE
    CACHE 1;


ALTER TABLE public.strapi_api_token_permissions_id_seq OWNER TO cvgendb;

--
-- Name: strapi_api_token_permissions_id_seq; Type: SEQUENCE OWNED BY; Schema: public; Owner: cvgendb
--

ALTER SEQUENCE public.strapi_api_token_permissions_id_seq OWNED BY public.strapi_api_token_permissions.id;


--
-- Name: strapi_api_token_permissions_token_links; Type: TABLE; Schema: public; Owner: cvgendb
--

CREATE TABLE public.strapi_api_token_permissions_token_links (
    id integer NOT NULL,
    api_token_permission_id integer,
    api_token_id integer,
    api_token_permission_order integer
);


ALTER TABLE public.strapi_api_token_permissions_token_links OWNER TO cvgendb;

--
-- Name: strapi_api_token_permissions_token_links_id_seq; Type: SEQUENCE; Schema: public; Owner: cvgendb
--

CREATE SEQUENCE public.strapi_api_token_permissions_token_links_id_seq
    AS integer
    START WITH 1
    INCREMENT BY 1
    NO MINVALUE
    NO MAXVALUE
    CACHE 1;


ALTER TABLE public.strapi_api_token_permissions_token_links_id_seq OWNER TO cvgendb;

--
-- Name: strapi_api_token_permissions_token_links_id_seq; Type: SEQUENCE OWNED BY; Schema: public; Owner: cvgendb
--

ALTER SEQUENCE public.strapi_api_token_permissions_token_links_id_seq OWNED BY public.strapi_api_token_permissions_token_links.id;


--
-- Name: strapi_api_tokens; Type: TABLE; Schema: public; Owner: cvgendb
--

CREATE TABLE public.strapi_api_tokens (
    id integer NOT NULL,
    name character varying(255),
    description character varying(255),
    type character varying(255),
    access_key character varying(255),
    last_used_at timestamp(6) without time zone,
    expires_at timestamp(6) without time zone,
    lifespan bigint,
    created_at timestamp(6) without time zone,
    updated_at timestamp(6) without time zone,
    created_by_id integer,
    updated_by_id integer
);


ALTER TABLE public.strapi_api_tokens OWNER TO cvgendb;

--
-- Name: strapi_api_tokens_id_seq; Type: SEQUENCE; Schema: public; Owner: cvgendb
--

CREATE SEQUENCE public.strapi_api_tokens_id_seq
    AS integer
    START WITH 1
    INCREMENT BY 1
    NO MINVALUE
    NO MAXVALUE
    CACHE 1;


ALTER TABLE public.strapi_api_tokens_id_seq OWNER TO cvgendb;

--
-- Name: strapi_api_tokens_id_seq; Type: SEQUENCE OWNED BY; Schema: public; Owner: cvgendb
--

ALTER SEQUENCE public.strapi_api_tokens_id_seq OWNED BY public.strapi_api_tokens.id;


--
-- Name: strapi_core_store_settings; Type: TABLE; Schema: public; Owner: cvgendb
--

CREATE TABLE public.strapi_core_store_settings (
    id integer NOT NULL,
    key character varying(255),
    value text,
    type character varying(255),
    environment character varying(255),
    tag character varying(255)
);


ALTER TABLE public.strapi_core_store_settings OWNER TO cvgendb;

--
-- Name: strapi_core_store_settings_id_seq; Type: SEQUENCE; Schema: public; Owner: cvgendb
--

CREATE SEQUENCE public.strapi_core_store_settings_id_seq
    AS integer
    START WITH 1
    INCREMENT BY 1
    NO MINVALUE
    NO MAXVALUE
    CACHE 1;


ALTER TABLE public.strapi_core_store_settings_id_seq OWNER TO cvgendb;

--
-- Name: strapi_core_store_settings_id_seq; Type: SEQUENCE OWNED BY; Schema: public; Owner: cvgendb
--

ALTER SEQUENCE public.strapi_core_store_settings_id_seq OWNED BY public.strapi_core_store_settings.id;


--
-- Name: strapi_database_schema; Type: TABLE; Schema: public; Owner: cvgendb
--

CREATE TABLE public.strapi_database_schema (
    id integer NOT NULL,
    schema json,
    "time" timestamp without time zone,
    hash character varying(255)
);


ALTER TABLE public.strapi_database_schema OWNER TO cvgendb;

--
-- Name: strapi_database_schema_id_seq; Type: SEQUENCE; Schema: public; Owner: cvgendb
--

CREATE SEQUENCE public.strapi_database_schema_id_seq
    AS integer
    START WITH 1
    INCREMENT BY 1
    NO MINVALUE
    NO MAXVALUE
    CACHE 1;


ALTER TABLE public.strapi_database_schema_id_seq OWNER TO cvgendb;

--
-- Name: strapi_database_schema_id_seq; Type: SEQUENCE OWNED BY; Schema: public; Owner: cvgendb
--

ALTER SEQUENCE public.strapi_database_schema_id_seq OWNED BY public.strapi_database_schema.id;


--
-- Name: strapi_migrations; Type: TABLE; Schema: public; Owner: cvgendb
--

CREATE TABLE public.strapi_migrations (
    id integer NOT NULL,
    name character varying(255),
    "time" timestamp without time zone
);


ALTER TABLE public.strapi_migrations OWNER TO cvgendb;

--
-- Name: strapi_migrations_id_seq; Type: SEQUENCE; Schema: public; Owner: cvgendb
--

CREATE SEQUENCE public.strapi_migrations_id_seq
    AS integer
    START WITH 1
    INCREMENT BY 1
    NO MINVALUE
    NO MAXVALUE
    CACHE 1;


ALTER TABLE public.strapi_migrations_id_seq OWNER TO cvgendb;

--
-- Name: strapi_migrations_id_seq; Type: SEQUENCE OWNED BY; Schema: public; Owner: cvgendb
--

ALTER SEQUENCE public.strapi_migrations_id_seq OWNED BY public.strapi_migrations.id;


--
-- Name: strapi_webhooks; Type: TABLE; Schema: public; Owner: cvgendb
--

CREATE TABLE public.strapi_webhooks (
    id integer NOT NULL,
    name character varying(255),
    url text,
    headers jsonb,
    events jsonb,
    enabled boolean
);


ALTER TABLE public.strapi_webhooks OWNER TO cvgendb;

--
-- Name: strapi_webhooks_id_seq; Type: SEQUENCE; Schema: public; Owner: cvgendb
--

CREATE SEQUENCE public.strapi_webhooks_id_seq
    AS integer
    START WITH 1
    INCREMENT BY 1
    NO MINVALUE
    NO MAXVALUE
    CACHE 1;


ALTER TABLE public.strapi_webhooks_id_seq OWNER TO cvgendb;

--
-- Name: strapi_webhooks_id_seq; Type: SEQUENCE OWNED BY; Schema: public; Owner: cvgendb
--

ALTER SEQUENCE public.strapi_webhooks_id_seq OWNED BY public.strapi_webhooks.id;


--
-- Name: up_permissions; Type: TABLE; Schema: public; Owner: cvgendb
--

CREATE TABLE public.up_permissions (
    id integer NOT NULL,
    action character varying(255),
    created_at timestamp(6) without time zone,
    updated_at timestamp(6) without time zone,
    created_by_id integer,
    updated_by_id integer
);


ALTER TABLE public.up_permissions OWNER TO cvgendb;

--
-- Name: up_permissions_id_seq; Type: SEQUENCE; Schema: public; Owner: cvgendb
--

CREATE SEQUENCE public.up_permissions_id_seq
    AS integer
    START WITH 1
    INCREMENT BY 1
    NO MINVALUE
    NO MAXVALUE
    CACHE 1;


ALTER TABLE public.up_permissions_id_seq OWNER TO cvgendb;

--
-- Name: up_permissions_id_seq; Type: SEQUENCE OWNED BY; Schema: public; Owner: cvgendb
--

ALTER SEQUENCE public.up_permissions_id_seq OWNED BY public.up_permissions.id;


--
-- Name: up_permissions_role_links; Type: TABLE; Schema: public; Owner: cvgendb
--

CREATE TABLE public.up_permissions_role_links (
    id integer NOT NULL,
    permission_id integer,
    role_id integer,
    permission_order integer
);


ALTER TABLE public.up_permissions_role_links OWNER TO cvgendb;

--
-- Name: up_permissions_role_links_id_seq; Type: SEQUENCE; Schema: public; Owner: cvgendb
--

CREATE SEQUENCE public.up_permissions_role_links_id_seq
    AS integer
    START WITH 1
    INCREMENT BY 1
    NO MINVALUE
    NO MAXVALUE
    CACHE 1;


ALTER TABLE public.up_permissions_role_links_id_seq OWNER TO cvgendb;

--
-- Name: up_permissions_role_links_id_seq; Type: SEQUENCE OWNED BY; Schema: public; Owner: cvgendb
--

ALTER SEQUENCE public.up_permissions_role_links_id_seq OWNED BY public.up_permissions_role_links.id;


--
-- Name: up_roles; Type: TABLE; Schema: public; Owner: cvgendb
--

CREATE TABLE public.up_roles (
    id integer NOT NULL,
    name character varying(255),
    description character varying(255),
    type character varying(255),
    created_at timestamp(6) without time zone,
    updated_at timestamp(6) without time zone,
    created_by_id integer,
    updated_by_id integer
);


ALTER TABLE public.up_roles OWNER TO cvgendb;

--
-- Name: up_roles_id_seq; Type: SEQUENCE; Schema: public; Owner: cvgendb
--

CREATE SEQUENCE public.up_roles_id_seq
    AS integer
    START WITH 1
    INCREMENT BY 1
    NO MINVALUE
    NO MAXVALUE
    CACHE 1;


ALTER TABLE public.up_roles_id_seq OWNER TO cvgendb;

--
-- Name: up_roles_id_seq; Type: SEQUENCE OWNED BY; Schema: public; Owner: cvgendb
--

ALTER SEQUENCE public.up_roles_id_seq OWNED BY public.up_roles.id;


--
-- Name: up_users; Type: TABLE; Schema: public; Owner: cvgendb
--

CREATE TABLE public.up_users (
    id integer NOT NULL,
    username character varying(255),
    email character varying(255),
    provider character varying(255),
    password character varying(255),
    reset_password_token character varying(255),
    confirmation_token character varying(255),
    confirmed boolean,
    blocked boolean,
    created_at timestamp(6) without time zone,
    updated_at timestamp(6) without time zone,
    created_by_id integer,
    updated_by_id integer
);


ALTER TABLE public.up_users OWNER TO cvgendb;

--
-- Name: up_users_id_seq; Type: SEQUENCE; Schema: public; Owner: cvgendb
--

CREATE SEQUENCE public.up_users_id_seq
    AS integer
    START WITH 1
    INCREMENT BY 1
    NO MINVALUE
    NO MAXVALUE
    CACHE 1;


ALTER TABLE public.up_users_id_seq OWNER TO cvgendb;

--
-- Name: up_users_id_seq; Type: SEQUENCE OWNED BY; Schema: public; Owner: cvgendb
--

ALTER SEQUENCE public.up_users_id_seq OWNED BY public.up_users.id;


--
-- Name: up_users_role_links; Type: TABLE; Schema: public; Owner: cvgendb
--

CREATE TABLE public.up_users_role_links (
    id integer NOT NULL,
    user_id integer,
    role_id integer,
    user_order integer
);


ALTER TABLE public.up_users_role_links OWNER TO cvgendb;

--
-- Name: up_users_role_links_id_seq; Type: SEQUENCE; Schema: public; Owner: cvgendb
--

CREATE SEQUENCE public.up_users_role_links_id_seq
    AS integer
    START WITH 1
    INCREMENT BY 1
    NO MINVALUE
    NO MAXVALUE
    CACHE 1;


ALTER TABLE public.up_users_role_links_id_seq OWNER TO cvgendb;

--
-- Name: up_users_role_links_id_seq; Type: SEQUENCE OWNED BY; Schema: public; Owner: cvgendb
--

ALTER SEQUENCE public.up_users_role_links_id_seq OWNED BY public.up_users_role_links.id;


--
-- Name: upload_folders; Type: TABLE; Schema: public; Owner: cvgendb
--

CREATE TABLE public.upload_folders (
    id integer NOT NULL,
    name character varying(255),
    path_id integer,
    path character varying(255),
    created_at timestamp(6) without time zone,
    updated_at timestamp(6) without time zone,
    created_by_id integer,
    updated_by_id integer
);


ALTER TABLE public.upload_folders OWNER TO cvgendb;

--
-- Name: upload_folders_id_seq; Type: SEQUENCE; Schema: public; Owner: cvgendb
--

CREATE SEQUENCE public.upload_folders_id_seq
    AS integer
    START WITH 1
    INCREMENT BY 1
    NO MINVALUE
    NO MAXVALUE
    CACHE 1;


ALTER TABLE public.upload_folders_id_seq OWNER TO cvgendb;

--
-- Name: upload_folders_id_seq; Type: SEQUENCE OWNED BY; Schema: public; Owner: cvgendb
--

ALTER SEQUENCE public.upload_folders_id_seq OWNED BY public.upload_folders.id;


--
-- Name: upload_folders_parent_links; Type: TABLE; Schema: public; Owner: cvgendb
--

CREATE TABLE public.upload_folders_parent_links (
    id integer NOT NULL,
    folder_id integer,
    inv_folder_id integer,
    folder_order integer
);


ALTER TABLE public.upload_folders_parent_links OWNER TO cvgendb;

--
-- Name: upload_folders_parent_links_id_seq; Type: SEQUENCE; Schema: public; Owner: cvgendb
--

CREATE SEQUENCE public.upload_folders_parent_links_id_seq
    AS integer
    START WITH 1
    INCREMENT BY 1
    NO MINVALUE
    NO MAXVALUE
    CACHE 1;


ALTER TABLE public.upload_folders_parent_links_id_seq OWNER TO cvgendb;

--
-- Name: upload_folders_parent_links_id_seq; Type: SEQUENCE OWNED BY; Schema: public; Owner: cvgendb
--

ALTER SEQUENCE public.upload_folders_parent_links_id_seq OWNED BY public.upload_folders_parent_links.id;


--
-- Name: admin_permissions id; Type: DEFAULT; Schema: public; Owner: cvgendb
--

ALTER TABLE ONLY public.admin_permissions ALTER COLUMN id SET DEFAULT nextval('public.admin_permissions_id_seq'::regclass);


--
-- Name: admin_permissions_role_links id; Type: DEFAULT; Schema: public; Owner: cvgendb
--

ALTER TABLE ONLY public.admin_permissions_role_links ALTER COLUMN id SET DEFAULT nextval('public.admin_permissions_role_links_id_seq'::regclass);


--
-- Name: admin_roles id; Type: DEFAULT; Schema: public; Owner: cvgendb
--

ALTER TABLE ONLY public.admin_roles ALTER COLUMN id SET DEFAULT nextval('public.admin_roles_id_seq'::regclass);


--
-- Name: admin_users id; Type: DEFAULT; Schema: public; Owner: cvgendb
--

ALTER TABLE ONLY public.admin_users ALTER COLUMN id SET DEFAULT nextval('public.admin_users_id_seq'::regclass);


--
-- Name: admin_users_roles_links id; Type: DEFAULT; Schema: public; Owner: cvgendb
--

ALTER TABLE ONLY public.admin_users_roles_links ALTER COLUMN id SET DEFAULT nextval('public.admin_users_roles_links_id_seq'::regclass);


--
-- Name: cvs id; Type: DEFAULT; Schema: public; Owner: cvgendb
--

ALTER TABLE ONLY public.cvs ALTER COLUMN id SET DEFAULT nextval('public.cvs_id_seq'::regclass);


--
-- Name: cvs_localizations_links id; Type: DEFAULT; Schema: public; Owner: cvgendb
--

ALTER TABLE ONLY public.cvs_localizations_links ALTER COLUMN id SET DEFAULT nextval('public.cvs_localizations_links_id_seq'::regclass);


--
-- Name: cvs_profile_links id; Type: DEFAULT; Schema: public; Owner: cvgendb
--

ALTER TABLE ONLY public.cvs_profile_links ALTER COLUMN id SET DEFAULT nextval('public.cvs_profile_links_id_seq'::regclass);


--
-- Name: educations id; Type: DEFAULT; Schema: public; Owner: cvgendb
--

ALTER TABLE ONLY public.educations ALTER COLUMN id SET DEFAULT nextval('public.educations_id_seq'::regclass);


--
-- Name: educations_localizations_links id; Type: DEFAULT; Schema: public; Owner: cvgendb
--

ALTER TABLE ONLY public.educations_localizations_links ALTER COLUMN id SET DEFAULT nextval('public.educations_localizations_links_id_seq'::regclass);


--
-- Name: educations_profile_links id; Type: DEFAULT; Schema: public; Owner: cvgendb
--

ALTER TABLE ONLY public.educations_profile_links ALTER COLUMN id SET DEFAULT nextval('public.educations_profile_links_id_seq'::regclass);


--
-- Name: experiences id; Type: DEFAULT; Schema: public; Owner: cvgendb
--

ALTER TABLE ONLY public.experiences ALTER COLUMN id SET DEFAULT nextval('public.experiences_id_seq'::regclass);


--
-- Name: experiences_localizations_links id; Type: DEFAULT; Schema: public; Owner: cvgendb
--

ALTER TABLE ONLY public.experiences_localizations_links ALTER COLUMN id SET DEFAULT nextval('public.experiences_localizations_links_id_seq'::regclass);


--
-- Name: experiences_profile_links id; Type: DEFAULT; Schema: public; Owner: cvgendb
--

ALTER TABLE ONLY public.experiences_profile_links ALTER COLUMN id SET DEFAULT nextval('public.experiences_profile_links_id_seq'::regclass);


--
-- Name: files id; Type: DEFAULT; Schema: public; Owner: cvgendb
--

ALTER TABLE ONLY public.files ALTER COLUMN id SET DEFAULT nextval('public.files_id_seq'::regclass);


--
-- Name: files_folder_links id; Type: DEFAULT; Schema: public; Owner: cvgendb
--

ALTER TABLE ONLY public.files_folder_links ALTER COLUMN id SET DEFAULT nextval('public.files_folder_links_id_seq'::regclass);


--
-- Name: files_related_morphs id; Type: DEFAULT; Schema: public; Owner: cvgendb
--

ALTER TABLE ONLY public.files_related_morphs ALTER COLUMN id SET DEFAULT nextval('public.files_related_morphs_id_seq'::regclass);


--
-- Name: i18n_locale id; Type: DEFAULT; Schema: public; Owner: cvgendb
--

ALTER TABLE ONLY public.i18n_locale ALTER COLUMN id SET DEFAULT nextval('public.i18n_locale_id_seq'::regclass);


--
-- Name: languages id; Type: DEFAULT; Schema: public; Owner: cvgendb
--

ALTER TABLE ONLY public.languages ALTER COLUMN id SET DEFAULT nextval('public.languages_id_seq'::regclass);


--
-- Name: languages_localizations_links id; Type: DEFAULT; Schema: public; Owner: cvgendb
--

ALTER TABLE ONLY public.languages_localizations_links ALTER COLUMN id SET DEFAULT nextval('public.languages_localizations_links_id_seq'::regclass);


--
-- Name: languages_profiles_links id; Type: DEFAULT; Schema: public; Owner: cvgendb
--

ALTER TABLE ONLY public.languages_profiles_links ALTER COLUMN id SET DEFAULT nextval('public.languages_profiles_links_id_seq'::regclass);


--
-- Name: profiles id; Type: DEFAULT; Schema: public; Owner: cvgendb
--

ALTER TABLE ONLY public.profiles ALTER COLUMN id SET DEFAULT nextval('public.profiles_id_seq'::regclass);


--
-- Name: profiles_languages_links id; Type: DEFAULT; Schema: public; Owner: cvgendb
--

ALTER TABLE ONLY public.profiles_languages_links ALTER COLUMN id SET DEFAULT nextval('public.profiles_languages_links_id_seq'::regclass);


--
-- Name: profiles_localizations_links id; Type: DEFAULT; Schema: public; Owner: cvgendb
--

ALTER TABLE ONLY public.profiles_localizations_links ALTER COLUMN id SET DEFAULT nextval('public.profiles_localizations_links_id_seq'::regclass);


--
-- Name: strapi_api_token_permissions id; Type: DEFAULT; Schema: public; Owner: cvgendb
--

ALTER TABLE ONLY public.strapi_api_token_permissions ALTER COLUMN id SET DEFAULT nextval('public.strapi_api_token_permissions_id_seq'::regclass);


--
-- Name: strapi_api_token_permissions_token_links id; Type: DEFAULT; Schema: public; Owner: cvgendb
--

ALTER TABLE ONLY public.strapi_api_token_permissions_token_links ALTER COLUMN id SET DEFAULT nextval('public.strapi_api_token_permissions_token_links_id_seq'::regclass);


--
-- Name: strapi_api_tokens id; Type: DEFAULT; Schema: public; Owner: cvgendb
--

ALTER TABLE ONLY public.strapi_api_tokens ALTER COLUMN id SET DEFAULT nextval('public.strapi_api_tokens_id_seq'::regclass);


--
-- Name: strapi_core_store_settings id; Type: DEFAULT; Schema: public; Owner: cvgendb
--

ALTER TABLE ONLY public.strapi_core_store_settings ALTER COLUMN id SET DEFAULT nextval('public.strapi_core_store_settings_id_seq'::regclass);


--
-- Name: strapi_database_schema id; Type: DEFAULT; Schema: public; Owner: cvgendb
--

ALTER TABLE ONLY public.strapi_database_schema ALTER COLUMN id SET DEFAULT nextval('public.strapi_database_schema_id_seq'::regclass);


--
-- Name: strapi_migrations id; Type: DEFAULT; Schema: public; Owner: cvgendb
--

ALTER TABLE ONLY public.strapi_migrations ALTER COLUMN id SET DEFAULT nextval('public.strapi_migrations_id_seq'::regclass);


--
-- Name: strapi_webhooks id; Type: DEFAULT; Schema: public; Owner: cvgendb
--

ALTER TABLE ONLY public.strapi_webhooks ALTER COLUMN id SET DEFAULT nextval('public.strapi_webhooks_id_seq'::regclass);


--
-- Name: up_permissions id; Type: DEFAULT; Schema: public; Owner: cvgendb
--

ALTER TABLE ONLY public.up_permissions ALTER COLUMN id SET DEFAULT nextval('public.up_permissions_id_seq'::regclass);


--
-- Name: up_permissions_role_links id; Type: DEFAULT; Schema: public; Owner: cvgendb
--

ALTER TABLE ONLY public.up_permissions_role_links ALTER COLUMN id SET DEFAULT nextval('public.up_permissions_role_links_id_seq'::regclass);


--
-- Name: up_roles id; Type: DEFAULT; Schema: public; Owner: cvgendb
--

ALTER TABLE ONLY public.up_roles ALTER COLUMN id SET DEFAULT nextval('public.up_roles_id_seq'::regclass);


--
-- Name: up_users id; Type: DEFAULT; Schema: public; Owner: cvgendb
--

ALTER TABLE ONLY public.up_users ALTER COLUMN id SET DEFAULT nextval('public.up_users_id_seq'::regclass);


--
-- Name: up_users_role_links id; Type: DEFAULT; Schema: public; Owner: cvgendb
--

ALTER TABLE ONLY public.up_users_role_links ALTER COLUMN id SET DEFAULT nextval('public.up_users_role_links_id_seq'::regclass);


--
-- Name: upload_folders id; Type: DEFAULT; Schema: public; Owner: cvgendb
--

ALTER TABLE ONLY public.upload_folders ALTER COLUMN id SET DEFAULT nextval('public.upload_folders_id_seq'::regclass);


--
-- Name: upload_folders_parent_links id; Type: DEFAULT; Schema: public; Owner: cvgendb
--

ALTER TABLE ONLY public.upload_folders_parent_links ALTER COLUMN id SET DEFAULT nextval('public.upload_folders_parent_links_id_seq'::regclass);


--
-- Data for Name: admin_permissions; Type: TABLE DATA; Schema: public; Owner: cvgendb
--

COPY public.admin_permissions (id, action, subject, properties, conditions, created_at, updated_at, created_by_id, updated_by_id) FROM stdin;
1	plugin::upload.read	\N	{}	[]	2022-12-07 10:55:55.338	2022-12-07 10:55:55.338	\N	\N
2	plugin::upload.assets.create	\N	{}	[]	2022-12-07 10:55:55.346	2022-12-07 10:55:55.346	\N	\N
3	plugin::upload.assets.update	\N	{}	[]	2022-12-07 10:55:55.352	2022-12-07 10:55:55.352	\N	\N
4	plugin::upload.assets.download	\N	{}	[]	2022-12-07 10:55:55.358	2022-12-07 10:55:55.358	\N	\N
5	plugin::upload.assets.copy-link	\N	{}	[]	2022-12-07 10:55:55.364	2022-12-07 10:55:55.364	\N	\N
6	plugin::upload.read	\N	{}	["admin::is-creator"]	2022-12-07 10:55:55.371	2022-12-07 10:55:55.371	\N	\N
7	plugin::upload.assets.create	\N	{}	[]	2022-12-07 10:55:55.377	2022-12-07 10:55:55.377	\N	\N
8	plugin::upload.assets.update	\N	{}	["admin::is-creator"]	2022-12-07 10:55:55.382	2022-12-07 10:55:55.382	\N	\N
9	plugin::upload.assets.download	\N	{}	[]	2022-12-07 10:55:55.389	2022-12-07 10:55:55.389	\N	\N
10	plugin::upload.assets.copy-link	\N	{}	[]	2022-12-07 10:55:55.397	2022-12-07 10:55:55.397	\N	\N
11	plugin::content-manager.explorer.create	plugin::users-permissions.user	{"fields": ["username", "email", "provider", "password", "resetPasswordToken", "confirmationToken", "confirmed", "blocked", "role"]}	[]	2022-12-07 10:55:55.439	2022-12-07 10:55:55.439	\N	\N
12	plugin::content-manager.explorer.read	plugin::users-permissions.user	{"fields": ["username", "email", "provider", "password", "resetPasswordToken", "confirmationToken", "confirmed", "blocked", "role"]}	[]	2022-12-07 10:55:55.447	2022-12-07 10:55:55.447	\N	\N
13	plugin::content-manager.explorer.update	plugin::users-permissions.user	{"fields": ["username", "email", "provider", "password", "resetPasswordToken", "confirmationToken", "confirmed", "blocked", "role"]}	[]	2022-12-07 10:55:55.454	2022-12-07 10:55:55.454	\N	\N
14	plugin::content-manager.explorer.delete	plugin::users-permissions.user	{}	[]	2022-12-07 10:55:55.461	2022-12-07 10:55:55.461	\N	\N
15	plugin::content-manager.single-types.configure-view	\N	{}	[]	2022-12-07 10:55:55.468	2022-12-07 10:55:55.468	\N	\N
16	plugin::content-manager.collection-types.configure-view	\N	{}	[]	2022-12-07 10:55:55.475	2022-12-07 10:55:55.475	\N	\N
17	plugin::content-manager.components.configure-layout	\N	{}	[]	2022-12-07 10:55:55.482	2022-12-07 10:55:55.482	\N	\N
18	plugin::content-type-builder.read	\N	{}	[]	2022-12-07 10:55:55.492	2022-12-07 10:55:55.492	\N	\N
19	plugin::email.settings.read	\N	{}	[]	2022-12-07 10:55:55.501	2022-12-07 10:55:55.501	\N	\N
20	plugin::upload.read	\N	{}	[]	2022-12-07 10:55:55.509	2022-12-07 10:55:55.509	\N	\N
21	plugin::upload.assets.create	\N	{}	[]	2022-12-07 10:55:55.516	2022-12-07 10:55:55.516	\N	\N
22	plugin::upload.assets.update	\N	{}	[]	2022-12-07 10:55:55.524	2022-12-07 10:55:55.524	\N	\N
23	plugin::upload.assets.download	\N	{}	[]	2022-12-07 10:55:55.531	2022-12-07 10:55:55.531	\N	\N
24	plugin::upload.assets.copy-link	\N	{}	[]	2022-12-07 10:55:55.538	2022-12-07 10:55:55.538	\N	\N
25	plugin::upload.settings.read	\N	{}	[]	2022-12-07 10:55:55.544	2022-12-07 10:55:55.544	\N	\N
26	plugin::users-permissions.roles.create	\N	{}	[]	2022-12-07 10:55:55.55	2022-12-07 10:55:55.55	\N	\N
27	plugin::users-permissions.roles.read	\N	{}	[]	2022-12-07 10:55:55.56	2022-12-07 10:55:55.56	\N	\N
28	plugin::users-permissions.roles.update	\N	{}	[]	2022-12-07 10:55:55.566	2022-12-07 10:55:55.566	\N	\N
29	plugin::users-permissions.roles.delete	\N	{}	[]	2022-12-07 10:55:55.573	2022-12-07 10:55:55.573	\N	\N
30	plugin::users-permissions.providers.read	\N	{}	[]	2022-12-07 10:55:55.58	2022-12-07 10:55:55.58	\N	\N
31	plugin::users-permissions.providers.update	\N	{}	[]	2022-12-07 10:55:55.586	2022-12-07 10:55:55.586	\N	\N
32	plugin::users-permissions.email-templates.read	\N	{}	[]	2022-12-07 10:55:55.592	2022-12-07 10:55:55.592	\N	\N
33	plugin::users-permissions.email-templates.update	\N	{}	[]	2022-12-07 10:55:55.598	2022-12-07 10:55:55.598	\N	\N
34	plugin::users-permissions.advanced-settings.read	\N	{}	[]	2022-12-07 10:55:55.604	2022-12-07 10:55:55.604	\N	\N
35	plugin::users-permissions.advanced-settings.update	\N	{}	[]	2022-12-07 10:55:55.609	2022-12-07 10:55:55.609	\N	\N
36	plugin::i18n.locale.create	\N	{}	[]	2022-12-07 10:55:55.615	2022-12-07 10:55:55.615	\N	\N
37	plugin::i18n.locale.read	\N	{}	[]	2022-12-07 10:55:55.62	2022-12-07 10:55:55.62	\N	\N
38	plugin::i18n.locale.update	\N	{}	[]	2022-12-07 10:55:55.626	2022-12-07 10:55:55.626	\N	\N
39	plugin::i18n.locale.delete	\N	{}	[]	2022-12-07 10:55:55.634	2022-12-07 10:55:55.634	\N	\N
40	admin::marketplace.read	\N	{}	[]	2022-12-07 10:55:55.639	2022-12-07 10:55:55.639	\N	\N
41	admin::marketplace.plugins.install	\N	{}	[]	2022-12-07 10:55:55.648	2022-12-07 10:55:55.648	\N	\N
42	admin::marketplace.plugins.uninstall	\N	{}	[]	2022-12-07 10:55:55.654	2022-12-07 10:55:55.654	\N	\N
43	admin::webhooks.create	\N	{}	[]	2022-12-07 10:55:55.66	2022-12-07 10:55:55.66	\N	\N
44	admin::webhooks.read	\N	{}	[]	2022-12-07 10:55:55.665	2022-12-07 10:55:55.665	\N	\N
45	admin::webhooks.update	\N	{}	[]	2022-12-07 10:55:55.671	2022-12-07 10:55:55.671	\N	\N
46	admin::webhooks.delete	\N	{}	[]	2022-12-07 10:55:55.677	2022-12-07 10:55:55.677	\N	\N
47	admin::users.create	\N	{}	[]	2022-12-07 10:55:55.683	2022-12-07 10:55:55.683	\N	\N
48	admin::users.read	\N	{}	[]	2022-12-07 10:55:55.688	2022-12-07 10:55:55.688	\N	\N
49	admin::users.update	\N	{}	[]	2022-12-07 10:55:55.694	2022-12-07 10:55:55.694	\N	\N
50	admin::users.delete	\N	{}	[]	2022-12-07 10:55:55.7	2022-12-07 10:55:55.7	\N	\N
51	admin::roles.create	\N	{}	[]	2022-12-07 10:55:55.707	2022-12-07 10:55:55.707	\N	\N
52	admin::roles.read	\N	{}	[]	2022-12-07 10:55:55.712	2022-12-07 10:55:55.712	\N	\N
53	admin::roles.update	\N	{}	[]	2022-12-07 10:55:55.718	2022-12-07 10:55:55.718	\N	\N
54	admin::roles.delete	\N	{}	[]	2022-12-07 10:55:55.723	2022-12-07 10:55:55.723	\N	\N
55	admin::api-tokens.access	\N	{}	[]	2022-12-07 10:55:55.728	2022-12-07 10:55:55.728	\N	\N
56	admin::api-tokens.create	\N	{}	[]	2022-12-07 10:55:55.734	2022-12-07 10:55:55.734	\N	\N
57	admin::api-tokens.read	\N	{}	[]	2022-12-07 10:55:55.739	2022-12-07 10:55:55.739	\N	\N
58	admin::api-tokens.update	\N	{}	[]	2022-12-07 10:55:55.747	2022-12-07 10:55:55.747	\N	\N
59	admin::api-tokens.regenerate	\N	{}	[]	2022-12-07 10:55:55.752	2022-12-07 10:55:55.752	\N	\N
60	admin::api-tokens.delete	\N	{}	[]	2022-12-07 10:55:55.758	2022-12-07 10:55:55.758	\N	\N
61	admin::project-settings.update	\N	{}	[]	2022-12-07 10:55:55.763	2022-12-07 10:55:55.763	\N	\N
62	admin::project-settings.read	\N	{}	[]	2022-12-07 10:55:55.768	2022-12-07 10:55:55.768	\N	\N
80	plugin::content-manager.explorer.delete	api::education.education	{"locales": ["en", "fr-FR"]}	[]	2022-12-07 12:24:10.432	2022-12-07 12:24:10.432	\N	\N
90	plugin::content-manager.explorer.delete	api::cv.cv	{"locales": ["en", "fr-FR"]}	[]	2022-12-07 12:24:10.449	2022-12-07 12:24:10.449	\N	\N
70	plugin::content-manager.explorer.delete	api::experience.experience	{"locales": ["en", "fr-FR"]}	[]	2022-12-07 12:24:10.464	2022-12-07 12:24:10.464	\N	\N
97	plugin::content-manager.explorer.create	api::education.education	{"fields": ["degree", "year", "profile"], "locales": ["en", "fr-FR"]}	[]	2022-12-07 12:24:10.48	2022-12-07 12:24:10.48	\N	\N
66	plugin::content-manager.explorer.delete	api::profile.profile	{"locales": ["en", "fr-FR"]}	[]	2022-12-07 12:24:10.491	2022-12-07 12:24:10.491	\N	\N
101	plugin::content-manager.explorer.update	api::education.education	{"fields": ["degree", "year", "profile"], "locales": ["en", "fr-FR"]}	[]	2022-12-07 12:24:10.501	2022-12-07 12:24:10.501	\N	\N
99	plugin::content-manager.explorer.read	api::education.education	{"fields": ["degree", "year", "profile"], "locales": ["en", "fr-FR"]}	[]	2022-12-07 12:24:10.514	2022-12-07 12:24:10.514	\N	\N
109	plugin::content-manager.explorer.create	api::cv.cv	{"fields": ["profile", "description", "uuid"], "locales": ["en", "fr-FR"]}	[]	2022-12-07 13:03:17.845	2022-12-07 13:03:17.845	\N	\N
111	plugin::content-manager.explorer.read	api::cv.cv	{"fields": ["profile", "description", "uuid"], "locales": ["en", "fr-FR"]}	[]	2022-12-07 13:03:17.868	2022-12-07 13:03:17.868	\N	\N
113	plugin::content-manager.explorer.update	api::cv.cv	{"fields": ["profile", "description", "uuid"], "locales": ["en", "fr-FR"]}	[]	2022-12-07 13:03:17.885	2022-12-07 13:03:17.885	\N	\N
115	plugin::content-manager.explorer.create	api::experience.experience	{"fields": ["title", "description", "start", "end", "profile", "company", "technologies"], "locales": ["en", "fr-FR"]}	[]	2022-12-07 13:11:12.465	2022-12-07 13:11:12.465	\N	\N
116	plugin::content-manager.explorer.read	api::experience.experience	{"fields": ["title", "description", "start", "end", "profile", "company", "technologies"], "locales": ["en", "fr-FR"]}	[]	2022-12-07 13:11:12.477	2022-12-07 13:11:12.477	\N	\N
117	plugin::content-manager.explorer.update	api::experience.experience	{"fields": ["title", "description", "start", "end", "profile", "company", "technologies"], "locales": ["en", "fr-FR"]}	[]	2022-12-07 13:11:12.483	2022-12-07 13:11:12.483	\N	\N
126	plugin::content-manager.explorer.delete	api::language.language	{"locales": ["en", "fr-FR"]}	[]	2022-12-07 15:34:51.885	2022-12-07 15:34:51.885	\N	\N
127	plugin::content-manager.explorer.create	api::language.language	{"fields": ["name", "level", "levelRate", "profiles"], "locales": ["en", "fr-FR"]}	[]	2022-12-07 15:35:09.364	2022-12-07 15:35:09.364	\N	\N
128	plugin::content-manager.explorer.create	api::profile.profile	{"fields": ["firstName", "lastName", "phone", "exp", "assets", "experiences", "cvs", "educations", "title", "languages"], "locales": ["en", "fr-FR"]}	[]	2022-12-07 15:35:09.376	2022-12-07 15:35:09.376	\N	\N
129	plugin::content-manager.explorer.read	api::language.language	{"fields": ["name", "level", "levelRate", "profiles"], "locales": ["en", "fr-FR"]}	[]	2022-12-07 15:35:09.383	2022-12-07 15:35:09.383	\N	\N
130	plugin::content-manager.explorer.read	api::profile.profile	{"fields": ["firstName", "lastName", "phone", "exp", "assets", "experiences", "cvs", "educations", "title", "languages"], "locales": ["en", "fr-FR"]}	[]	2022-12-07 15:35:09.391	2022-12-07 15:35:09.391	\N	\N
131	plugin::content-manager.explorer.update	api::language.language	{"fields": ["name", "level", "levelRate", "profiles"], "locales": ["en", "fr-FR"]}	[]	2022-12-07 15:35:09.399	2022-12-07 15:35:09.399	\N	\N
132	plugin::content-manager.explorer.update	api::profile.profile	{"fields": ["firstName", "lastName", "phone", "exp", "assets", "experiences", "cvs", "educations", "title", "languages"], "locales": ["en", "fr-FR"]}	[]	2022-12-07 15:35:09.408	2022-12-07 15:35:09.408	\N	\N
\.


--
-- Data for Name: admin_permissions_role_links; Type: TABLE DATA; Schema: public; Owner: cvgendb
--

COPY public.admin_permissions_role_links (id, permission_id, role_id, permission_order) FROM stdin;
1	1	2	1
2	2	2	2
3	3	2	3
4	4	2	4
5	5	2	5
6	6	3	1
7	7	3	2
8	8	3	3
9	9	3	4
10	10	3	5
11	11	1	1
12	12	1	2
13	13	1	3
14	14	1	4
15	15	1	5
16	16	1	6
17	17	1	7
18	18	1	8
19	19	1	9
20	20	1	10
21	21	1	11
22	22	1	12
23	23	1	13
24	24	1	14
25	25	1	15
26	26	1	16
27	27	1	17
28	28	1	18
29	29	1	19
30	30	1	20
31	31	1	21
32	32	1	22
33	33	1	23
34	34	1	24
35	35	1	25
36	36	1	26
37	37	1	27
38	38	1	28
39	39	1	29
40	40	1	30
41	41	1	31
42	42	1	32
43	43	1	33
44	44	1	34
45	45	1	35
46	46	1	36
47	47	1	37
48	48	1	38
49	49	1	39
50	50	1	40
51	51	1	41
52	52	1	42
53	53	1	43
54	54	1	44
55	55	1	45
56	56	1	46
57	57	1	47
58	58	1	48
59	59	1	49
60	60	1	50
61	61	1	51
62	62	1	52
106	80	1	53
108	90	1	55
111	70	1	58
114	97	1	61
116	66	1	63
118	101	1	65
120	99	1	67
125	109	1	68
127	111	1	70
129	113	1	72
131	115	1	73
132	116	1	74
133	117	1	75
142	126	1	79
143	127	1	80
144	128	1	81
145	129	1	82
146	130	1	83
147	131	1	84
148	132	1	85
\.


--
-- Data for Name: admin_roles; Type: TABLE DATA; Schema: public; Owner: cvgendb
--

COPY public.admin_roles (id, name, code, description, created_at, updated_at, created_by_id, updated_by_id) FROM stdin;
1	Super Admin	strapi-super-admin	Super Admins can access and manage all features and settings.	2022-12-07 10:55:55.317	2022-12-07 10:55:55.317	\N	\N
2	Editor	strapi-editor	Editors can manage and publish contents including those of other users.	2022-12-07 10:55:55.327	2022-12-07 10:55:55.327	\N	\N
3	Author	strapi-author	Authors can manage the content they have created.	2022-12-07 10:55:55.332	2022-12-07 10:55:55.332	\N	\N
\.


--
-- Data for Name: admin_users; Type: TABLE DATA; Schema: public; Owner: cvgendb
--

COPY public.admin_users (id, firstname, lastname, username, email, password, reset_password_token, registration_token, is_active, blocked, prefered_language, created_at, updated_at, created_by_id, updated_by_id) FROM stdin;
1	Mohamed	Elfakhfekh	\N	mohamed.elfakhfekh@zeta-box.com	$2a$10$HCU3xraBsAM2gz/Xeeaf1OsyTawSzfAABf0r9YZoK7zBAUyivCZO6	\N	\N	t	f	\N	2022-12-07 11:13:59.445	2022-12-07 11:13:59.445	\N	\N
2	Yasmine	Boudaya	\N	yasmine.boudaya@zeta-box.com	$2a$10$UjpEwGWIvEU36muZ0kB6c.RhQ7IpUUq/SWHLOUNzDId//sfPaErg.	\N	\N	t	f	\N	2022-12-07 12:52:30.013	2022-12-07 12:52:50.286	\N	\N
\.


--
-- Data for Name: admin_users_roles_links; Type: TABLE DATA; Schema: public; Owner: cvgendb
--

COPY public.admin_users_roles_links (id, user_id, role_id, role_order, user_order) FROM stdin;
1	1	1	1	1
2	2	1	1	2
\.


--
-- Data for Name: cvs; Type: TABLE DATA; Schema: public; Owner: cvgendb
--

COPY public.cvs (id, created_at, updated_at, created_by_id, updated_by_id, locale, description, uuid) FROM stdin;
1	2022-12-07 13:02:47.377	2022-12-07 15:31:19.7	2	2	en	Versatile senior software engineer works well both as part of team and independently. Promoting +4 years of experience in building client applications with capability to deliver on key project milestones. Offers strong interpersonal and communication skills.	0d56bd55-02d0-414c-9f48-866454e0cb94
2	2022-12-07 15:31:19.683	2022-12-07 15:37:07.951	2	2	fr-FR	Ingnieur logiciel senior polyvalent travaillant aussi bien en quipe que de manire autonome. Avec plus de 4 ans d'exprience dans la cration d'applications client, capable de respecter les tapes cls d'un projet. Possde de solides comptences interpersonnelles et de communication.	0d56bd55-02d0-414c-9f48-866454e0cb94
\.


--
-- Data for Name: cvs_localizations_links; Type: TABLE DATA; Schema: public; Owner: cvgendb
--

COPY public.cvs_localizations_links (id, cv_id, inv_cv_id, cv_order) FROM stdin;
1	2	1	1
2	1	2	1
\.


--
-- Data for Name: cvs_profile_links; Type: TABLE DATA; Schema: public; Owner: cvgendb
--

COPY public.cvs_profile_links (id, cv_id, profile_id, cv_order) FROM stdin;
1	1	1	1
2	2	2	1
\.


--
-- Data for Name: educations; Type: TABLE DATA; Schema: public; Owner: cvgendb
--

COPY public.educations (id, degree, year, created_at, updated_at, created_by_id, updated_by_id, locale) FROM stdin;
2	Bachelor of Science: Computer Science	2014-12-17	2022-12-07 14:21:57.086	2022-12-07 14:21:57.086	2	2	en
3	High School Diploma: Mathematics	2011-12-13	2022-12-07 14:22:31.044	2022-12-07 14:22:31.044	2	2	en
1	Software Engineering Degree: Computer Science	2017-12-19	2022-12-07 14:21:28.596	2022-12-07 14:29:46.762	2	2	en
\.


--
-- Data for Name: educations_localizations_links; Type: TABLE DATA; Schema: public; Owner: cvgendb
--

COPY public.educations_localizations_links (id, education_id, inv_education_id, education_order) FROM stdin;
\.


--
-- Data for Name: educations_profile_links; Type: TABLE DATA; Schema: public; Owner: cvgendb
--

COPY public.educations_profile_links (id, education_id, profile_id, education_order) FROM stdin;
1	1	1	1
2	2	1	2
3	3	1	3
\.


--
-- Data for Name: experiences; Type: TABLE DATA; Schema: public; Owner: cvgendb
--

COPY public.experiences (id, title, description, start, "end", created_at, updated_at, created_by_id, updated_by_id, locale, company, technologies) FROM stdin;
1	Mobile Application using Angular 11, Ionic 5, and SpringBoot	Mobile application that links between service providers and customers. \nProfessionals can list their services on the platform allowing users to discover new products and get best offers.\n- Managed project and web strategic planning for entire team.\n- Implemented back-end features of a web application using SpringBoot Framework.\n- Implemented front-end using Angular 11 and Ionic 5.\n- Advised on measures to support web server security.\n- Used Keycloak for user authorization and authentication features to protect REST APIs.\n- Delivered clean, error-free code matching project scope and minimising performance issues.\n- Determined job priorities for up to multiple projects simultaneously	2021-12-01	\N	2022-12-07 12:29:11.052	2022-12-07 15:45:28.345	1	2	en	UNIVERSE, France	SpringBoot Framework, Maven, PostgreSQL, Angular 11, Ionic 5, HTML5, CSS3, Bootstrap,Capacitor, Keycloak, Visual Studio, Eclipse, Android Studio, Jenkins, Git.
3	Web Application using spring boot	Finispia is a FinTech startup, providing a stock screening tool following 5\nIslamic investment methodologies.\n Implemented back-end feature of a web application using spring\nboot Framework.\n Implemented front-end feature of a web application using Angular\n8.\n Integrated Stripe API for payment management.\n Harnessed Agile project management to develop top-quality\nAndroid mobile applications.\n Coded software updates to add new features, close security holes\nand resolve defects.\n Partnered with engineering staff on identifying and resolving\ninterface issues.	2018-09-04	\N	2022-12-07 13:49:33.023	2022-12-07 13:49:33.023	2	2	fr-FR	IOVISION | FINISPIA, Canada  Sfax, Tunisia, Tunisia	Angular, Ionic, Visual Studio, Apache Cordova, Stripe,\nSpringBoot, Maven, PostgreSQL, Bootstrap, Angular Material, Jenkins, Git,\nHTML5 CSS3.
8	Session Control Application using Angular 4	Session control is a tool applied across the country for training sessions management through an Android tablet\n- Created Android project .\n- Created Angular 4 project and integrated Primeng.\n- Created database with liquibase.\n- Ensured client-server communication using Rest services.\n- SQLite database for offline management.\n- Employed GPS and camera for identity verification.\n- Explored and created new ways to resolve problems with processes,technology or team members to improve overall efficiency.	2018-01-10	2018-06-11	2022-12-07 14:19:23.949	2022-12-07 15:46:12.922	2	2	en	Government Project, CNFCPP , Tunisia	Android Studio, Apache Tomcat, Oracle, Eclipse, VisualStudio, Angular, Spring MVC, Hibernate, Maven, Primeng, Apache\nCordova.
2	Web Application using Angular 8 and Spring Boot	Finispia is a FinTech startup, providing a stock screening tool following 5 investment methodologies.\n- Implemented back-end feature of a web application using Spring Boot Framework.\n- Implemented front-end feature of a web application using Angular 8.\n- Integrated Stripe API for payment management.\n- Harnessed Agile project management to develop top-quality Android mobile applications.\n- Coded software updates to add new features, close security holes and resolve defects.\n- Partnered with engineering staff on identifying and resolving interface issues.	2018-09-04	\N	2022-12-07 13:45:32.594	2022-12-07 15:28:21.881	2	2	en	FINISPIA, Canada	Angular, Ionic, Visual Studio, Apache Cordova, Stripe, SpringBoot, Maven, PostgreSQL, Bootstrap, Angular Material, Jenkins, Git, HTML5 CSS3.
4	Web Application using Angular 7 and Spring Boot	Worked on a labelling tool to tag videos to be used for machine learning.\nThis tool downloads a video, splits it into a sequence of images, and gives an easy way to tag them. It also allows users to be managed using the Spring security like administrator, label reviewer and labelers.\n- Implemented front-end of a web application (admin and public) using Angular 7.\n- Implemented back-end of a web application using Spring Boot.\n- Created a database with liquibase.\n- Splitted videos using opencv library and tagged the exportation in XML format.\n- Managed users with Spring Security.	2019-01-28	2019-05-15	2022-12-07 13:51:58.236	2022-12-07 14:19:33.552	2	2	en	Lifeye, Tunisia	Angular, Visual studio, Spring, Eclipse, PostgreSQL, Opencv, Spring Security, Angular Material.
7	Hybrid application development, using Ionic 3, Angular 4	Contributed to the development of a responsive hybrid application (Android, iOS, Web) that reviews companies' publicly available data on a daily basis and recommends stocks trading options.\n- Attended initial meetings with clients to take notes and obtain an understanding of their needs, software requirements, timelines and budgets.\n- Managed writing and maintaining basic code for the project using Ionic 3, Angular 4 and Apache Cordova.\n- Integrated Stripe API for payment management.\n- Applied a responsive front-end creation for web and mobile (IOS and Android with different versions).\n- Integrated Nodejs Rest API for http communication with server.\n- Assisted in designing, developing, testing, debugging and maintaining digital services that meet user needs.	2018-06-19	2018-12-03	2022-12-07 14:13:55.345	2022-12-07 15:41:13.142	2	2	en	TransparentShare, Germany	Angular, Ionic, Visual Studio, Apache Cordova, Stripe, Nodejs.
6	Application Web en utilisant Angular 5 et SpringBoot	Plateforme qui met en relation des personnes  la recherche de services domestiques avec des freelances prslectionns proposant leurs services.\n- Implmentation du front-end d'une application web (admin et public) en utilisant Angular 5.\n- Implmentation du back-end d'une application web en utilisant spring Boot.\n- Cration d'une base de donnes avec liquibase.\n- Intgration de l'API Stripe pour la gestion des paiements.\n- Gestion des utilisateurs avec Spring Security.\n- Gnr une facture en utilisant l'outil de rapport jasper.	2018-12-11	2019-05-07	2022-12-07 13:59:07.783	2022-12-07 15:48:26.968	2	2	en	WIJAA, Canada	Angular, Visual Studio, Apache Cordova, Stripe, Spring Boot, Eclipse, Jasper Report.
5	Application Web en utilisant Angular 7 et Spring Boot	Un outil d'tiquetage des vidos  utiliser pour l'apprentissage automatique.\nCet outil tlcharge une vido, la divise en une squence d'images et offre un moyen facile de les tiqueter. Il permet galement de grer les utilisateurs en utilisant la scurit de Spring comme l'administrateur, le rviseur d'tiquettes et les tiqueteurs.\n- Implmentation du front-end d'une application web (admin et public) en utilisant Angular 7.\n- Implmentation du back-end d'une application web en utilisant Spring Boot.\n- Cration d'une base de donnes avec liquibase.\n- Dcoupage de vidos  l'aide de la bibliothque opencv et marquage de l'exportation au format XML.\n- Gestion des utilisateurs avec Spring Security.	2019-01-28	2019-05-15	2022-12-07 13:52:24.424	2022-12-07 15:48:42.949	2	2	fr-FR	Lifeye, Tunisia	Angular, Visual studio, Spring, Eclipse, PostgreSQL, Opencv,\nSpring Security, Angular Material.
9	Dveloppement d'applications hybrides, utilisant Ionic 3, Angular 4	Contribution au dveloppement d'une application hybride ractive (Android, iOS, Web) qui examine quotidiennement les donnes publiques des entreprises et recommande des options de ngociation des actions.\n- A assist aux runions initiales avec les clients pour prendre des notes et obtenir une comprhension de leurs besoins, des exigences logicielles, des dlais et des budgets.\n- Gr l'criture et la maintenance du code de base pour le projet en utilisant Ionic 3, Angular 4 et Apache Cordova.\n- Intgration de l'API Stripe pour la gestion des paiements.\n- Appliqu une cration front-end responsive pour le web et le mobile (IOS et Android avec diffrentes versions).\n- Intgration de Nodejs Rest API pour la communication http avec le serveur.\n- Aide  la conception, au dveloppement, aux tests, au dbogage et  la maintenance de services numriques rpondant aux besoins des utilisateurs.	2018-06-19	2018-12-03	2022-12-07 15:41:13.123	2022-12-07 15:44:00.093	2	2	fr-FR	TransparentShare, Germany	Angular, Ionic, Visual Studio, Apache Cordova, Stripe, Nodejs.
10	Application mobile en utilisant Angular 11, Ionic 5 et SpringBoot	Application mobile qui met en relation les prestataires de services et les clients. \nLes professionnels peuvent rpertorier leurs services sur la plateforme, ce qui permet aux utilisateurs de dcouvrir de nouveaux produits et de bnficier des meilleures offres.\n- Gestion de projet et planification stratgique web pour toute l'quipe.\n- Mise en uvre des fonctionnalits back-end d'une application web en utilisant le Framework SpringBoot.\n- Mise en uvre du front-end en utilisant Angular 11 et Ionic 5.\n- Conseils sur les mesures  prendre pour assurer la scurit du serveur web.\n- Utilisation de Keycloak pour les fonctions d'autorisation et d'authentification des utilisateurs afin de protger les API REST.\n- Livraison d'un code propre, sans erreur, correspondant  la porte du projet et minimisant les problmes de performance.\n- Dtermination des priorits de travail pour plusieurs projets simultanment.	2021-12-01	\N	2022-12-07 15:45:28.327	2022-12-07 15:45:28.327	2	2	fr-FR	UNIVERSE, France	SpringBoot Framework, Maven, PostgreSQL, Angular 11, Ionic 5, HTML5, CSS3, Bootstrap,Capacitor, Keycloak, Visual Studio, Eclipse, Android Studio, Jenkins, Git.
11	Application de contrle de session avec Angular 4	Session control est un outil appliqu  travers le pays pour la gestion des sessions de formation  travers une tablette Android\n- Cration du projet Android.\n- Cration du projet Angular 4 et intgration de Primeng.\n- Cration d'une base de donnes avec liquibase.\n- Assur la communication client-serveur en utilisant les services Rest.\n- Base de donnes SQLite pour la gestion hors ligne.\n- Utilisation du GPS et de la camra pour la vrification de l'identit.\n- Exploration et cration de nouveaux moyens de rsoudre les problmes lis aux processus,  la technologie ou aux membres de l'quipe afin d'amliorer l'efficacit globale.	2018-01-10	2018-06-11	2022-12-07 15:46:12.894	2022-12-07 15:46:12.894	2	2	fr-FR	Government Project, CNFCPP , Tunisia	Android Studio, Apache Tomcat, Oracle, Eclipse, VisualStudio, Angular, Spring MVC, Hibernate, Maven, Primeng, Apache\nCordova.
\.


--
-- Data for Name: experiences_localizations_links; Type: TABLE DATA; Schema: public; Owner: cvgendb
--

COPY public.experiences_localizations_links (id, experience_id, inv_experience_id, experience_order) FROM stdin;
1	3	2	1
2	2	3	1
3	5	4	1
4	4	5	1
5	9	7	1
6	7	9	1
7	10	1	1
8	1	10	1
9	11	8	1
10	8	11	1
\.


--
-- Data for Name: experiences_profile_links; Type: TABLE DATA; Schema: public; Owner: cvgendb
--

COPY public.experiences_profile_links (id, experience_id, profile_id, experience_order) FROM stdin;
1	1	1	1
2	2	1	2
3	4	1	3
4	6	1	4
5	7	1	5
6	8	1	6
\.


--
-- Data for Name: files; Type: TABLE DATA; Schema: public; Owner: cvgendb
--

COPY public.files (id, name, alternative_text, caption, width, height, formats, hash, ext, mime, size, url, preview_url, provider, provider_metadata, folder_path, created_at, updated_at, created_by_id, updated_by_id) FROM stdin;
\.


--
-- Data for Name: files_folder_links; Type: TABLE DATA; Schema: public; Owner: cvgendb
--

COPY public.files_folder_links (id, file_id, folder_id, file_order) FROM stdin;
\.


--
-- Data for Name: files_related_morphs; Type: TABLE DATA; Schema: public; Owner: cvgendb
--

COPY public.files_related_morphs (id, file_id, related_id, related_type, field, "order") FROM stdin;
\.


--
-- Data for Name: i18n_locale; Type: TABLE DATA; Schema: public; Owner: cvgendb
--

COPY public.i18n_locale (id, name, code, created_at, updated_at, created_by_id, updated_by_id) FROM stdin;
1	English (en)	en	2022-12-07 10:55:55.233	2022-12-07 10:55:55.233	\N	\N
2	French (France) (fr-FR)	fr-FR	2022-12-07 12:24:09.053	2022-12-07 12:24:09.053	1	1
\.


--
-- Data for Name: languages; Type: TABLE DATA; Schema: public; Owner: cvgendb
--

COPY public.languages (id, name, level, level_rate, created_at, updated_at, created_by_id, updated_by_id, locale) FROM stdin;
4	Arabe	C2	5	2022-12-07 15:36:03.307	2022-12-07 15:36:03.307	2	2	fr-FR
3	Arabic	C2	5	2022-12-07 14:24:26.102	2022-12-07 15:36:03.332	2	2	en
5	Anglais	B2	2	2022-12-07 15:36:17.776	2022-12-07 15:36:17.776	2	2	fr-FR
2	English	B2	2	2022-12-07 14:23:54.174	2022-12-07 15:36:17.794	2	2	en
6	Franais	C1	4	2022-12-07 15:36:32.367	2022-12-07 15:36:32.367	2	2	fr-FR
1	French	C1	4	2022-12-07 14:23:22.316	2022-12-07 15:36:32.385	2	2	en
\.


--
-- Data for Name: languages_localizations_links; Type: TABLE DATA; Schema: public; Owner: cvgendb
--

COPY public.languages_localizations_links (id, language_id, inv_language_id, language_order) FROM stdin;
1	4	3	1
2	3	4	1
3	5	2	1
4	2	5	1
5	6	1	1
6	1	6	1
\.


--
-- Data for Name: languages_profiles_links; Type: TABLE DATA; Schema: public; Owner: cvgendb
--

COPY public.languages_profiles_links (id, language_id, profile_id, profile_order, language_order) FROM stdin;
\.


--
-- Data for Name: profiles; Type: TABLE DATA; Schema: public; Owner: cvgendb
--

COPY public.profiles (id, first_name, last_name, phone, exp, assets, created_at, updated_at, created_by_id, updated_by_id, locale, title) FROM stdin;
2	Rania	Abdelmouleh	\N	4	\N	2022-12-07 12:24:48.601	2022-12-07 12:24:48.601	1	1	fr-FR	Developeuse Senior Full Stack Java 
1	Rania	Abdelmouleh	\N	4	- Programming: JAVA (JEE), JavaScript, JQuery, HTML5, PHP, Typescript, CSS3\n- Frameworks: Spring, Ionic\n- Databases: Oracle Database,\nMySQL, PostgreSQL\n- Middleware: JBoss, Apache Tomcat\n- Operating Systems: Windows, Linux, Android\n- Modelization: UML, Merise\n- Office: Latex, Office Pack (Word, Excel, PowerPoint)	2022-12-07 12:23:04.385	2022-12-07 15:39:50.595	1	2	en	Senior Java Full Stack Developer
\.


--
-- Data for Name: profiles_languages_links; Type: TABLE DATA; Schema: public; Owner: cvgendb
--

COPY public.profiles_languages_links (id, profile_id, language_id, language_order, profile_order) FROM stdin;
1	1	3	1	1
2	1	2	2	1
3	1	1	3	1
4	2	4	1	1
5	2	5	2	1
6	2	6	3	1
\.


--
-- Data for Name: profiles_localizations_links; Type: TABLE DATA; Schema: public; Owner: cvgendb
--

COPY public.profiles_localizations_links (id, profile_id, inv_profile_id, profile_order) FROM stdin;
1	2	1	1
2	1	2	1
\.


--
-- Data for Name: strapi_api_token_permissions; Type: TABLE DATA; Schema: public; Owner: cvgendb
--

COPY public.strapi_api_token_permissions (id, action, created_at, updated_at, created_by_id, updated_by_id) FROM stdin;
\.


--
-- Data for Name: strapi_api_token_permissions_token_links; Type: TABLE DATA; Schema: public; Owner: cvgendb
--

COPY public.strapi_api_token_permissions_token_links (id, api_token_permission_id, api_token_id, api_token_permission_order) FROM stdin;
\.


--
-- Data for Name: strapi_api_tokens; Type: TABLE DATA; Schema: public; Owner: cvgendb
--

COPY public.strapi_api_tokens (id, name, description, type, access_key, last_used_at, expires_at, lifespan, created_at, updated_at, created_by_id, updated_by_id) FROM stdin;
\.


--
-- Data for Name: strapi_core_store_settings; Type: TABLE DATA; Schema: public; Owner: cvgendb
--

COPY public.strapi_core_store_settings (id, key, value, type, environment, tag) FROM stdin;
2	plugin_content_manager_configuration_content_types::admin::permission	{"uid":"admin::permission","settings":{"bulkable":true,"filterable":true,"searchable":true,"pageSize":10,"mainField":"action","defaultSortBy":"action","defaultSortOrder":"ASC"},"metadatas":{"id":{"edit":{},"list":{"label":"id","searchable":true,"sortable":true}},"action":{"edit":{"label":"action","description":"","placeholder":"","visible":true,"editable":true},"list":{"label":"action","searchable":true,"sortable":true}},"subject":{"edit":{"label":"subject","description":"","placeholder":"","visible":true,"editable":true},"list":{"label":"subject","searchable":true,"sortable":true}},"properties":{"edit":{"label":"properties","description":"","placeholder":"","visible":true,"editable":true},"list":{"label":"properties","searchable":false,"sortable":false}},"conditions":{"edit":{"label":"conditions","description":"","placeholder":"","visible":true,"editable":true},"list":{"label":"conditions","searchable":false,"sortable":false}},"role":{"edit":{"label":"role","description":"","placeholder":"","visible":true,"editable":true,"mainField":"name"},"list":{"label":"role","searchable":true,"sortable":true}},"createdAt":{"edit":{"label":"createdAt","description":"","placeholder":"","visible":false,"editable":true},"list":{"label":"createdAt","searchable":true,"sortable":true}},"updatedAt":{"edit":{"label":"updatedAt","description":"","placeholder":"","visible":false,"editable":true},"list":{"label":"updatedAt","searchable":true,"sortable":true}}},"layouts":{"list":["id","action","subject","role"],"edit":[[{"name":"action","size":6},{"name":"subject","size":6}],[{"name":"properties","size":12}],[{"name":"conditions","size":12}],[{"name":"role","size":6}]]}}	object	\N	\N
3	plugin_content_manager_configuration_content_types::admin::user	{"uid":"admin::user","settings":{"bulkable":true,"filterable":true,"searchable":true,"pageSize":10,"mainField":"firstname","defaultSortBy":"firstname","defaultSortOrder":"ASC"},"metadatas":{"id":{"edit":{},"list":{"label":"id","searchable":true,"sortable":true}},"firstname":{"edit":{"label":"firstname","description":"","placeholder":"","visible":true,"editable":true},"list":{"label":"firstname","searchable":true,"sortable":true}},"lastname":{"edit":{"label":"lastname","description":"","placeholder":"","visible":true,"editable":true},"list":{"label":"lastname","searchable":true,"sortable":true}},"username":{"edit":{"label":"username","description":"","placeholder":"","visible":true,"editable":true},"list":{"label":"username","searchable":true,"sortable":true}},"email":{"edit":{"label":"email","description":"","placeholder":"","visible":true,"editable":true},"list":{"label":"email","searchable":true,"sortable":true}},"password":{"edit":{"label":"password","description":"","placeholder":"","visible":true,"editable":true},"list":{"label":"password","searchable":true,"sortable":true}},"resetPasswordToken":{"edit":{"label":"resetPasswordToken","description":"","placeholder":"","visible":true,"editable":true},"list":{"label":"resetPasswordToken","searchable":true,"sortable":true}},"registrationToken":{"edit":{"label":"registrationToken","description":"","placeholder":"","visible":true,"editable":true},"list":{"label":"registrationToken","searchable":true,"sortable":true}},"isActive":{"edit":{"label":"isActive","description":"","placeholder":"","visible":true,"editable":true},"list":{"label":"isActive","searchable":true,"sortable":true}},"roles":{"edit":{"label":"roles","description":"","placeholder":"","visible":true,"editable":true,"mainField":"name"},"list":{"label":"roles","searchable":false,"sortable":false}},"blocked":{"edit":{"label":"blocked","description":"","placeholder":"","visible":true,"editable":true},"list":{"label":"blocked","searchable":true,"sortable":true}},"preferedLanguage":{"edit":{"label":"preferedLanguage","description":"","placeholder":"","visible":true,"editable":true},"list":{"label":"preferedLanguage","searchable":true,"sortable":true}},"createdAt":{"edit":{"label":"createdAt","description":"","placeholder":"","visible":false,"editable":true},"list":{"label":"createdAt","searchable":true,"sortable":true}},"updatedAt":{"edit":{"label":"updatedAt","description":"","placeholder":"","visible":false,"editable":true},"list":{"label":"updatedAt","searchable":true,"sortable":true}}},"layouts":{"list":["id","firstname","lastname","username"],"edit":[[{"name":"firstname","size":6},{"name":"lastname","size":6}],[{"name":"username","size":6},{"name":"email","size":6}],[{"name":"password","size":6},{"name":"resetPasswordToken","size":6}],[{"name":"registrationToken","size":6},{"name":"isActive","size":4}],[{"name":"roles","size":6},{"name":"blocked","size":4}],[{"name":"preferedLanguage","size":6}]]}}	object	\N	\N
4	plugin_content_manager_configuration_content_types::admin::api-token	{"uid":"admin::api-token","settings":{"bulkable":true,"filterable":true,"searchable":true,"pageSize":10,"mainField":"name","defaultSortBy":"name","defaultSortOrder":"ASC"},"metadatas":{"id":{"edit":{},"list":{"label":"id","searchable":true,"sortable":true}},"name":{"edit":{"label":"name","description":"","placeholder":"","visible":true,"editable":true},"list":{"label":"name","searchable":true,"sortable":true}},"description":{"edit":{"label":"description","description":"","placeholder":"","visible":true,"editable":true},"list":{"label":"description","searchable":true,"sortable":true}},"type":{"edit":{"label":"type","description":"","placeholder":"","visible":true,"editable":true},"list":{"label":"type","searchable":true,"sortable":true}},"accessKey":{"edit":{"label":"accessKey","description":"","placeholder":"","visible":true,"editable":true},"list":{"label":"accessKey","searchable":true,"sortable":true}},"lastUsedAt":{"edit":{"label":"lastUsedAt","description":"","placeholder":"","visible":true,"editable":true},"list":{"label":"lastUsedAt","searchable":true,"sortable":true}},"permissions":{"edit":{"label":"permissions","description":"","placeholder":"","visible":true,"editable":true,"mainField":"action"},"list":{"label":"permissions","searchable":false,"sortable":false}},"expiresAt":{"edit":{"label":"expiresAt","description":"","placeholder":"","visible":true,"editable":true},"list":{"label":"expiresAt","searchable":true,"sortable":true}},"lifespan":{"edit":{"label":"lifespan","description":"","placeholder":"","visible":true,"editable":true},"list":{"label":"lifespan","searchable":true,"sortable":true}},"createdAt":{"edit":{"label":"createdAt","description":"","placeholder":"","visible":false,"editable":true},"list":{"label":"createdAt","searchable":true,"sortable":true}},"updatedAt":{"edit":{"label":"updatedAt","description":"","placeholder":"","visible":false,"editable":true},"list":{"label":"updatedAt","searchable":true,"sortable":true}}},"layouts":{"list":["id","name","description","type"],"edit":[[{"name":"name","size":6},{"name":"description","size":6}],[{"name":"type","size":6},{"name":"accessKey","size":6}],[{"name":"lastUsedAt","size":6},{"name":"permissions","size":6}],[{"name":"expiresAt","size":6},{"name":"lifespan","size":4}]]}}	object	\N	\N
5	plugin_content_manager_configuration_content_types::admin::api-token-permission	{"uid":"admin::api-token-permission","settings":{"bulkable":true,"filterable":true,"searchable":true,"pageSize":10,"mainField":"action","defaultSortBy":"action","defaultSortOrder":"ASC"},"metadatas":{"id":{"edit":{},"list":{"label":"id","searchable":true,"sortable":true}},"action":{"edit":{"label":"action","description":"","placeholder":"","visible":true,"editable":true},"list":{"label":"action","searchable":true,"sortable":true}},"token":{"edit":{"label":"token","description":"","placeholder":"","visible":true,"editable":true,"mainField":"name"},"list":{"label":"token","searchable":true,"sortable":true}},"createdAt":{"edit":{"label":"createdAt","description":"","placeholder":"","visible":false,"editable":true},"list":{"label":"createdAt","searchable":true,"sortable":true}},"updatedAt":{"edit":{"label":"updatedAt","description":"","placeholder":"","visible":false,"editable":true},"list":{"label":"updatedAt","searchable":true,"sortable":true}}},"layouts":{"list":["id","action","token","createdAt"],"edit":[[{"name":"action","size":6},{"name":"token","size":6}]]}}	object	\N	\N
6	plugin_content_manager_configuration_content_types::plugin::upload.file	{"uid":"plugin::upload.file","settings":{"bulkable":true,"filterable":true,"searchable":true,"pageSize":10,"mainField":"name","defaultSortBy":"name","defaultSortOrder":"ASC"},"metadatas":{"id":{"edit":{},"list":{"label":"id","searchable":true,"sortable":true}},"name":{"edit":{"label":"name","description":"","placeholder":"","visible":true,"editable":true},"list":{"label":"name","searchable":true,"sortable":true}},"alternativeText":{"edit":{"label":"alternativeText","description":"","placeholder":"","visible":true,"editable":true},"list":{"label":"alternativeText","searchable":true,"sortable":true}},"caption":{"edit":{"label":"caption","description":"","placeholder":"","visible":true,"editable":true},"list":{"label":"caption","searchable":true,"sortable":true}},"width":{"edit":{"label":"width","description":"","placeholder":"","visible":true,"editable":true},"list":{"label":"width","searchable":true,"sortable":true}},"height":{"edit":{"label":"height","description":"","placeholder":"","visible":true,"editable":true},"list":{"label":"height","searchable":true,"sortable":true}},"formats":{"edit":{"label":"formats","description":"","placeholder":"","visible":true,"editable":true},"list":{"label":"formats","searchable":false,"sortable":false}},"hash":{"edit":{"label":"hash","description":"","placeholder":"","visible":true,"editable":true},"list":{"label":"hash","searchable":true,"sortable":true}},"ext":{"edit":{"label":"ext","description":"","placeholder":"","visible":true,"editable":true},"list":{"label":"ext","searchable":true,"sortable":true}},"mime":{"edit":{"label":"mime","description":"","placeholder":"","visible":true,"editable":true},"list":{"label":"mime","searchable":true,"sortable":true}},"size":{"edit":{"label":"size","description":"","placeholder":"","visible":true,"editable":true},"list":{"label":"size","searchable":true,"sortable":true}},"url":{"edit":{"label":"url","description":"","placeholder":"","visible":true,"editable":true},"list":{"label":"url","searchable":true,"sortable":true}},"previewUrl":{"edit":{"label":"previewUrl","description":"","placeholder":"","visible":true,"editable":true},"list":{"label":"previewUrl","searchable":true,"sortable":true}},"provider":{"edit":{"label":"provider","description":"","placeholder":"","visible":true,"editable":true},"list":{"label":"provider","searchable":true,"sortable":true}},"provider_metadata":{"edit":{"label":"provider_metadata","description":"","placeholder":"","visible":true,"editable":true},"list":{"label":"provider_metadata","searchable":false,"sortable":false}},"folder":{"edit":{"label":"folder","description":"","placeholder":"","visible":true,"editable":true,"mainField":"name"},"list":{"label":"folder","searchable":true,"sortable":true}},"folderPath":{"edit":{"label":"folderPath","description":"","placeholder":"","visible":true,"editable":true},"list":{"label":"folderPath","searchable":true,"sortable":true}},"createdAt":{"edit":{"label":"createdAt","description":"","placeholder":"","visible":false,"editable":true},"list":{"label":"createdAt","searchable":true,"sortable":true}},"updatedAt":{"edit":{"label":"updatedAt","description":"","placeholder":"","visible":false,"editable":true},"list":{"label":"updatedAt","searchable":true,"sortable":true}}},"layouts":{"list":["id","name","alternativeText","caption"],"edit":[[{"name":"name","size":6},{"name":"alternativeText","size":6}],[{"name":"caption","size":6},{"name":"width","size":4}],[{"name":"height","size":4}],[{"name":"formats","size":12}],[{"name":"hash","size":6},{"name":"ext","size":6}],[{"name":"mime","size":6},{"name":"size","size":4}],[{"name":"url","size":6},{"name":"previewUrl","size":6}],[{"name":"provider","size":6}],[{"name":"provider_metadata","size":12}],[{"name":"folder","size":6},{"name":"folderPath","size":6}]]}}	object	\N	\N
7	plugin_content_manager_configuration_content_types::plugin::upload.folder	{"uid":"plugin::upload.folder","settings":{"bulkable":true,"filterable":true,"searchable":true,"pageSize":10,"mainField":"name","defaultSortBy":"name","defaultSortOrder":"ASC"},"metadatas":{"id":{"edit":{},"list":{"label":"id","searchable":true,"sortable":true}},"name":{"edit":{"label":"name","description":"","placeholder":"","visible":true,"editable":true},"list":{"label":"name","searchable":true,"sortable":true}},"pathId":{"edit":{"label":"pathId","description":"","placeholder":"","visible":true,"editable":true},"list":{"label":"pathId","searchable":true,"sortable":true}},"parent":{"edit":{"label":"parent","description":"","placeholder":"","visible":true,"editable":true,"mainField":"name"},"list":{"label":"parent","searchable":true,"sortable":true}},"children":{"edit":{"label":"children","description":"","placeholder":"","visible":true,"editable":true,"mainField":"name"},"list":{"label":"children","searchable":false,"sortable":false}},"files":{"edit":{"label":"files","description":"","placeholder":"","visible":true,"editable":true,"mainField":"name"},"list":{"label":"files","searchable":false,"sortable":false}},"path":{"edit":{"label":"path","description":"","placeholder":"","visible":true,"editable":true},"list":{"label":"path","searchable":true,"sortable":true}},"createdAt":{"edit":{"label":"createdAt","description":"","placeholder":"","visible":false,"editable":true},"list":{"label":"createdAt","searchable":true,"sortable":true}},"updatedAt":{"edit":{"label":"updatedAt","description":"","placeholder":"","visible":false,"editable":true},"list":{"label":"updatedAt","searchable":true,"sortable":true}}},"layouts":{"list":["id","name","pathId","parent"],"edit":[[{"name":"name","size":6},{"name":"pathId","size":4}],[{"name":"parent","size":6},{"name":"children","size":6}],[{"name":"files","size":6},{"name":"path","size":6}]]}}	object	\N	\N
18	plugin_i18n_default_locale	"en"	string	\N	\N
1	strapi_content_types_schema	{"admin::permission":{"collectionName":"admin_permissions","info":{"name":"Permission","description":"","singularName":"permission","pluralName":"permissions","displayName":"Permission"},"options":{},"pluginOptions":{"content-manager":{"visible":false},"content-type-builder":{"visible":false}},"attributes":{"action":{"type":"string","minLength":1,"configurable":false,"required":true},"subject":{"type":"string","minLength":1,"configurable":false,"required":false},"properties":{"type":"json","configurable":false,"required":false,"default":{}},"conditions":{"type":"json","configurable":false,"required":false,"default":[]},"role":{"configurable":false,"type":"relation","relation":"manyToOne","inversedBy":"permissions","target":"admin::role"},"createdAt":{"type":"datetime"},"updatedAt":{"type":"datetime"},"createdBy":{"type":"relation","relation":"oneToOne","target":"admin::user","configurable":false,"writable":false,"visible":false,"useJoinTable":false,"private":true},"updatedBy":{"type":"relation","relation":"oneToOne","target":"admin::user","configurable":false,"writable":false,"visible":false,"useJoinTable":false,"private":true}},"kind":"collectionType","__schema__":{"collectionName":"admin_permissions","info":{"name":"Permission","description":"","singularName":"permission","pluralName":"permissions","displayName":"Permission"},"options":{},"pluginOptions":{"content-manager":{"visible":false},"content-type-builder":{"visible":false}},"attributes":{"action":{"type":"string","minLength":1,"configurable":false,"required":true},"subject":{"type":"string","minLength":1,"configurable":false,"required":false},"properties":{"type":"json","configurable":false,"required":false,"default":{}},"conditions":{"type":"json","configurable":false,"required":false,"default":[]},"role":{"configurable":false,"type":"relation","relation":"manyToOne","inversedBy":"permissions","target":"admin::role"}},"kind":"collectionType"},"modelType":"contentType","modelName":"permission","connection":"default","uid":"admin::permission","plugin":"admin","globalId":"AdminPermission"},"admin::user":{"collectionName":"admin_users","info":{"name":"User","description":"","singularName":"user","pluralName":"users","displayName":"User"},"pluginOptions":{"content-manager":{"visible":false},"content-type-builder":{"visible":false}},"attributes":{"firstname":{"type":"string","unique":false,"minLength":1,"configurable":false,"required":false},"lastname":{"type":"string","unique":false,"minLength":1,"configurable":false,"required":false},"username":{"type":"string","unique":false,"configurable":false,"required":false},"email":{"type":"email","minLength":6,"configurable":false,"required":true,"unique":true,"private":true},"password":{"type":"password","minLength":6,"configurable":false,"required":false,"private":true},"resetPasswordToken":{"type":"string","configurable":false,"private":true},"registrationToken":{"type":"string","configurable":false,"private":true},"isActive":{"type":"boolean","default":false,"configurable":false,"private":true},"roles":{"configurable":false,"private":true,"type":"relation","relation":"manyToMany","inversedBy":"users","target":"admin::role","collectionName":"strapi_users_roles"},"blocked":{"type":"boolean","default":false,"configurable":false,"private":true},"preferedLanguage":{"type":"string","configurable":false,"required":false},"createdAt":{"type":"datetime"},"updatedAt":{"type":"datetime"},"createdBy":{"type":"relation","relation":"oneToOne","target":"admin::user","configurable":false,"writable":false,"visible":false,"useJoinTable":false,"private":true},"updatedBy":{"type":"relation","relation":"oneToOne","target":"admin::user","configurable":false,"writable":false,"visible":false,"useJoinTable":false,"private":true}},"kind":"collectionType","__schema__":{"collectionName":"admin_users","info":{"name":"User","description":"","singularName":"user","pluralName":"users","displayName":"User"},"pluginOptions":{"content-manager":{"visible":false},"content-type-builder":{"visible":false}},"attributes":{"firstname":{"type":"string","unique":false,"minLength":1,"configurable":false,"required":false},"lastname":{"type":"string","unique":false,"minLength":1,"configurable":false,"required":false},"username":{"type":"string","unique":false,"configurable":false,"required":false},"email":{"type":"email","minLength":6,"configurable":false,"required":true,"unique":true,"private":true},"password":{"type":"password","minLength":6,"configurable":false,"required":false,"private":true},"resetPasswordToken":{"type":"string","configurable":false,"private":true},"registrationToken":{"type":"string","configurable":false,"private":true},"isActive":{"type":"boolean","default":false,"configurable":false,"private":true},"roles":{"configurable":false,"private":true,"type":"relation","relation":"manyToMany","inversedBy":"users","target":"admin::role","collectionName":"strapi_users_roles"},"blocked":{"type":"boolean","default":false,"configurable":false,"private":true},"preferedLanguage":{"type":"string","configurable":false,"required":false}},"kind":"collectionType"},"modelType":"contentType","modelName":"user","connection":"default","uid":"admin::user","plugin":"admin","globalId":"AdminUser"},"admin::role":{"collectionName":"admin_roles","info":{"name":"Role","description":"","singularName":"role","pluralName":"roles","displayName":"Role"},"options":{},"pluginOptions":{"content-manager":{"visible":false},"content-type-builder":{"visible":false}},"attributes":{"name":{"type":"string","minLength":1,"unique":true,"configurable":false,"required":true},"code":{"type":"string","minLength":1,"unique":true,"configurable":false,"required":true},"description":{"type":"string","configurable":false},"users":{"configurable":false,"type":"relation","relation":"manyToMany","mappedBy":"roles","target":"admin::user"},"permissions":{"configurable":false,"type":"relation","relation":"oneToMany","mappedBy":"role","target":"admin::permission"},"createdAt":{"type":"datetime"},"updatedAt":{"type":"datetime"},"createdBy":{"type":"relation","relation":"oneToOne","target":"admin::user","configurable":false,"writable":false,"visible":false,"useJoinTable":false,"private":true},"updatedBy":{"type":"relation","relation":"oneToOne","target":"admin::user","configurable":false,"writable":false,"visible":false,"useJoinTable":false,"private":true}},"kind":"collectionType","__schema__":{"collectionName":"admin_roles","info":{"name":"Role","description":"","singularName":"role","pluralName":"roles","displayName":"Role"},"options":{},"pluginOptions":{"content-manager":{"visible":false},"content-type-builder":{"visible":false}},"attributes":{"name":{"type":"string","minLength":1,"unique":true,"configurable":false,"required":true},"code":{"type":"string","minLength":1,"unique":true,"configurable":false,"required":true},"description":{"type":"string","configurable":false},"users":{"configurable":false,"type":"relation","relation":"manyToMany","mappedBy":"roles","target":"admin::user"},"permissions":{"configurable":false,"type":"relation","relation":"oneToMany","mappedBy":"role","target":"admin::permission"}},"kind":"collectionType"},"modelType":"contentType","modelName":"role","connection":"default","uid":"admin::role","plugin":"admin","globalId":"AdminRole"},"admin::api-token":{"collectionName":"strapi_api_tokens","info":{"name":"Api Token","singularName":"api-token","pluralName":"api-tokens","displayName":"Api Token","description":""},"options":{},"pluginOptions":{"content-manager":{"visible":false},"content-type-builder":{"visible":false}},"attributes":{"name":{"type":"string","minLength":1,"configurable":false,"required":true,"unique":true},"description":{"type":"string","minLength":1,"configurable":false,"required":false,"default":""},"type":{"type":"enumeration","enum":["read-only","full-access","custom"],"configurable":false,"required":true,"default":"read-only"},"accessKey":{"type":"string","minLength":1,"configurable":false,"required":true},"lastUsedAt":{"type":"datetime","configurable":false,"required":false},"permissions":{"type":"relation","target":"admin::api-token-permission","relation":"oneToMany","mappedBy":"token","configurable":false,"required":false},"expiresAt":{"type":"datetime","configurable":false,"required":false},"lifespan":{"type":"biginteger","configurable":false,"required":false},"createdAt":{"type":"datetime"},"updatedAt":{"type":"datetime"},"createdBy":{"type":"relation","relation":"oneToOne","target":"admin::user","configurable":false,"writable":false,"visible":false,"useJoinTable":false,"private":true},"updatedBy":{"type":"relation","relation":"oneToOne","target":"admin::user","configurable":false,"writable":false,"visible":false,"useJoinTable":false,"private":true}},"kind":"collectionType","__schema__":{"collectionName":"strapi_api_tokens","info":{"name":"Api Token","singularName":"api-token","pluralName":"api-tokens","displayName":"Api Token","description":""},"options":{},"pluginOptions":{"content-manager":{"visible":false},"content-type-builder":{"visible":false}},"attributes":{"name":{"type":"string","minLength":1,"configurable":false,"required":true,"unique":true},"description":{"type":"string","minLength":1,"configurable":false,"required":false,"default":""},"type":{"type":"enumeration","enum":["read-only","full-access","custom"],"configurable":false,"required":true,"default":"read-only"},"accessKey":{"type":"string","minLength":1,"configurable":false,"required":true},"lastUsedAt":{"type":"datetime","configurable":false,"required":false},"permissions":{"type":"relation","target":"admin::api-token-permission","relation":"oneToMany","mappedBy":"token","configurable":false,"required":false},"expiresAt":{"type":"datetime","configurable":false,"required":false},"lifespan":{"type":"biginteger","configurable":false,"required":false}},"kind":"collectionType"},"modelType":"contentType","modelName":"api-token","connection":"default","uid":"admin::api-token","plugin":"admin","globalId":"AdminApiToken"},"admin::api-token-permission":{"collectionName":"strapi_api_token_permissions","info":{"name":"API Token Permission","description":"","singularName":"api-token-permission","pluralName":"api-token-permissions","displayName":"API Token Permission"},"options":{},"pluginOptions":{"content-manager":{"visible":false},"content-type-builder":{"visible":false}},"attributes":{"action":{"type":"string","minLength":1,"configurable":false,"required":true},"token":{"configurable":false,"type":"relation","relation":"manyToOne","inversedBy":"permissions","target":"admin::api-token"},"createdAt":{"type":"datetime"},"updatedAt":{"type":"datetime"},"createdBy":{"type":"relation","relation":"oneToOne","target":"admin::user","configurable":false,"writable":false,"visible":false,"useJoinTable":false,"private":true},"updatedBy":{"type":"relation","relation":"oneToOne","target":"admin::user","configurable":false,"writable":false,"visible":false,"useJoinTable":false,"private":true}},"kind":"collectionType","__schema__":{"collectionName":"strapi_api_token_permissions","info":{"name":"API Token Permission","description":"","singularName":"api-token-permission","pluralName":"api-token-permissions","displayName":"API Token Permission"},"options":{},"pluginOptions":{"content-manager":{"visible":false},"content-type-builder":{"visible":false}},"attributes":{"action":{"type":"string","minLength":1,"configurable":false,"required":true},"token":{"configurable":false,"type":"relation","relation":"manyToOne","inversedBy":"permissions","target":"admin::api-token"}},"kind":"collectionType"},"modelType":"contentType","modelName":"api-token-permission","connection":"default","uid":"admin::api-token-permission","plugin":"admin","globalId":"AdminApiTokenPermission"},"plugin::upload.file":{"collectionName":"files","info":{"singularName":"file","pluralName":"files","displayName":"File","description":""},"options":{},"pluginOptions":{"content-manager":{"visible":false},"content-type-builder":{"visible":false}},"attributes":{"name":{"type":"string","configurable":false,"required":true},"alternativeText":{"type":"string","configurable":false},"caption":{"type":"string","configurable":false},"width":{"type":"integer","configurable":false},"height":{"type":"integer","configurable":false},"formats":{"type":"json","configurable":false},"hash":{"type":"string","configurable":false,"required":true},"ext":{"type":"string","configurable":false},"mime":{"type":"string","configurable":false,"required":true},"size":{"type":"decimal","configurable":false,"required":true},"url":{"type":"string","configurable":false,"required":true},"previewUrl":{"type":"string","configurable":false},"provider":{"type":"string","configurable":false,"required":true},"provider_metadata":{"type":"json","configurable":false},"related":{"type":"relation","relation":"morphToMany","configurable":false},"folder":{"type":"relation","relation":"manyToOne","target":"plugin::upload.folder","inversedBy":"files","private":true},"folderPath":{"type":"string","min":1,"required":true,"private":true},"createdAt":{"type":"datetime"},"updatedAt":{"type":"datetime"},"createdBy":{"type":"relation","relation":"oneToOne","target":"admin::user","configurable":false,"writable":false,"visible":false,"useJoinTable":false,"private":true},"updatedBy":{"type":"relation","relation":"oneToOne","target":"admin::user","configurable":false,"writable":false,"visible":false,"useJoinTable":false,"private":true}},"indexes":[{"name":"upload_files_folder_path_index","columns":["folder_path"],"type":null}],"kind":"collectionType","__schema__":{"collectionName":"files","info":{"singularName":"file","pluralName":"files","displayName":"File","description":""},"options":{},"pluginOptions":{"content-manager":{"visible":false},"content-type-builder":{"visible":false}},"attributes":{"name":{"type":"string","configurable":false,"required":true},"alternativeText":{"type":"string","configurable":false},"caption":{"type":"string","configurable":false},"width":{"type":"integer","configurable":false},"height":{"type":"integer","configurable":false},"formats":{"type":"json","configurable":false},"hash":{"type":"string","configurable":false,"required":true},"ext":{"type":"string","configurable":false},"mime":{"type":"string","configurable":false,"required":true},"size":{"type":"decimal","configurable":false,"required":true},"url":{"type":"string","configurable":false,"required":true},"previewUrl":{"type":"string","configurable":false},"provider":{"type":"string","configurable":false,"required":true},"provider_metadata":{"type":"json","configurable":false},"related":{"type":"relation","relation":"morphToMany","configurable":false},"folder":{"type":"relation","relation":"manyToOne","target":"plugin::upload.folder","inversedBy":"files","private":true},"folderPath":{"type":"string","min":1,"required":true,"private":true}},"kind":"collectionType"},"modelType":"contentType","modelName":"file","connection":"default","uid":"plugin::upload.file","plugin":"upload","globalId":"UploadFile"},"plugin::upload.folder":{"collectionName":"upload_folders","info":{"singularName":"folder","pluralName":"folders","displayName":"Folder"},"options":{},"pluginOptions":{"content-manager":{"visible":false},"content-type-builder":{"visible":false}},"attributes":{"name":{"type":"string","min":1,"required":true},"pathId":{"type":"integer","unique":true,"required":true},"parent":{"type":"relation","relation":"manyToOne","target":"plugin::upload.folder","inversedBy":"children"},"children":{"type":"relation","relation":"oneToMany","target":"plugin::upload.folder","mappedBy":"parent"},"files":{"type":"relation","relation":"oneToMany","target":"plugin::upload.file","mappedBy":"folder"},"path":{"type":"string","min":1,"required":true},"createdAt":{"type":"datetime"},"updatedAt":{"type":"datetime"},"createdBy":{"type":"relation","relation":"oneToOne","target":"admin::user","configurable":false,"writable":false,"visible":false,"useJoinTable":false,"private":true},"updatedBy":{"type":"relation","relation":"oneToOne","target":"admin::user","configurable":false,"writable":false,"visible":false,"useJoinTable":false,"private":true}},"indexes":[{"name":"upload_folders_path_id_index","columns":["path_id"],"type":"unique"},{"name":"upload_folders_path_index","columns":["path"],"type":"unique"}],"kind":"collectionType","__schema__":{"collectionName":"upload_folders","info":{"singularName":"folder","pluralName":"folders","displayName":"Folder"},"options":{},"pluginOptions":{"content-manager":{"visible":false},"content-type-builder":{"visible":false}},"attributes":{"name":{"type":"string","min":1,"required":true},"pathId":{"type":"integer","unique":true,"required":true},"parent":{"type":"relation","relation":"manyToOne","target":"plugin::upload.folder","inversedBy":"children"},"children":{"type":"relation","relation":"oneToMany","target":"plugin::upload.folder","mappedBy":"parent"},"files":{"type":"relation","relation":"oneToMany","target":"plugin::upload.file","mappedBy":"folder"},"path":{"type":"string","min":1,"required":true}},"kind":"collectionType"},"modelType":"contentType","modelName":"folder","connection":"default","uid":"plugin::upload.folder","plugin":"upload","globalId":"UploadFolder"},"plugin::users-permissions.permission":{"collectionName":"up_permissions","info":{"name":"permission","description":"","singularName":"permission","pluralName":"permissions","displayName":"Permission"},"pluginOptions":{"content-manager":{"visible":false},"content-type-builder":{"visible":false}},"attributes":{"action":{"type":"string","required":true,"configurable":false},"role":{"type":"relation","relation":"manyToOne","target":"plugin::users-permissions.role","inversedBy":"permissions","configurable":false},"createdAt":{"type":"datetime"},"updatedAt":{"type":"datetime"},"createdBy":{"type":"relation","relation":"oneToOne","target":"admin::user","configurable":false,"writable":false,"visible":false,"useJoinTable":false,"private":true},"updatedBy":{"type":"relation","relation":"oneToOne","target":"admin::user","configurable":false,"writable":false,"visible":false,"useJoinTable":false,"private":true}},"kind":"collectionType","__schema__":{"collectionName":"up_permissions","info":{"name":"permission","description":"","singularName":"permission","pluralName":"permissions","displayName":"Permission"},"pluginOptions":{"content-manager":{"visible":false},"content-type-builder":{"visible":false}},"attributes":{"action":{"type":"string","required":true,"configurable":false},"role":{"type":"relation","relation":"manyToOne","target":"plugin::users-permissions.role","inversedBy":"permissions","configurable":false}},"kind":"collectionType"},"modelType":"contentType","modelName":"permission","connection":"default","uid":"plugin::users-permissions.permission","plugin":"users-permissions","globalId":"UsersPermissionsPermission"},"plugin::users-permissions.role":{"collectionName":"up_roles","info":{"name":"role","description":"","singularName":"role","pluralName":"roles","displayName":"Role"},"pluginOptions":{"content-manager":{"visible":false},"content-type-builder":{"visible":false}},"attributes":{"name":{"type":"string","minLength":3,"required":true,"configurable":false},"description":{"type":"string","configurable":false},"type":{"type":"string","unique":true,"configurable":false},"permissions":{"type":"relation","relation":"oneToMany","target":"plugin::users-permissions.permission","mappedBy":"role","configurable":false},"users":{"type":"relation","relation":"oneToMany","target":"plugin::users-permissions.user","mappedBy":"role","configurable":false},"createdAt":{"type":"datetime"},"updatedAt":{"type":"datetime"},"createdBy":{"type":"relation","relation":"oneToOne","target":"admin::user","configurable":false,"writable":false,"visible":false,"useJoinTable":false,"private":true},"updatedBy":{"type":"relation","relation":"oneToOne","target":"admin::user","configurable":false,"writable":false,"visible":false,"useJoinTable":false,"private":true}},"kind":"collectionType","__schema__":{"collectionName":"up_roles","info":{"name":"role","description":"","singularName":"role","pluralName":"roles","displayName":"Role"},"pluginOptions":{"content-manager":{"visible":false},"content-type-builder":{"visible":false}},"attributes":{"name":{"type":"string","minLength":3,"required":true,"configurable":false},"description":{"type":"string","configurable":false},"type":{"type":"string","unique":true,"configurable":false},"permissions":{"type":"relation","relation":"oneToMany","target":"plugin::users-permissions.permission","mappedBy":"role","configurable":false},"users":{"type":"relation","relation":"oneToMany","target":"plugin::users-permissions.user","mappedBy":"role","configurable":false}},"kind":"collectionType"},"modelType":"contentType","modelName":"role","connection":"default","uid":"plugin::users-permissions.role","plugin":"users-permissions","globalId":"UsersPermissionsRole"},"plugin::users-permissions.user":{"collectionName":"up_users","info":{"name":"user","description":"","singularName":"user","pluralName":"users","displayName":"User"},"options":{"draftAndPublish":false,"timestamps":true},"attributes":{"username":{"type":"string","minLength":3,"unique":true,"configurable":false,"required":true},"email":{"type":"email","minLength":6,"configurable":false,"required":true},"provider":{"type":"string","configurable":false},"password":{"type":"password","minLength":6,"configurable":false,"private":true},"resetPasswordToken":{"type":"string","configurable":false,"private":true},"confirmationToken":{"type":"string","configurable":false,"private":true},"confirmed":{"type":"boolean","default":false,"configurable":false},"blocked":{"type":"boolean","default":false,"configurable":false},"role":{"type":"relation","relation":"manyToOne","target":"plugin::users-permissions.role","inversedBy":"users","configurable":false},"createdAt":{"type":"datetime"},"updatedAt":{"type":"datetime"},"createdBy":{"type":"relation","relation":"oneToOne","target":"admin::user","configurable":false,"writable":false,"visible":false,"useJoinTable":false,"private":true},"updatedBy":{"type":"relation","relation":"oneToOne","target":"admin::user","configurable":false,"writable":false,"visible":false,"useJoinTable":false,"private":true}},"config":{"attributes":{"resetPasswordToken":{"hidden":true},"confirmationToken":{"hidden":true},"provider":{"hidden":true}}},"kind":"collectionType","__schema__":{"collectionName":"up_users","info":{"name":"user","description":"","singularName":"user","pluralName":"users","displayName":"User"},"options":{"draftAndPublish":false,"timestamps":true},"attributes":{"username":{"type":"string","minLength":3,"unique":true,"configurable":false,"required":true},"email":{"type":"email","minLength":6,"configurable":false,"required":true},"provider":{"type":"string","configurable":false},"password":{"type":"password","minLength":6,"configurable":false,"private":true},"resetPasswordToken":{"type":"string","configurable":false,"private":true},"confirmationToken":{"type":"string","configurable":false,"private":true},"confirmed":{"type":"boolean","default":false,"configurable":false},"blocked":{"type":"boolean","default":false,"configurable":false},"role":{"type":"relation","relation":"manyToOne","target":"plugin::users-permissions.role","inversedBy":"users","configurable":false}},"kind":"collectionType"},"modelType":"contentType","modelName":"user","connection":"default","uid":"plugin::users-permissions.user","plugin":"users-permissions","globalId":"UsersPermissionsUser"},"plugin::i18n.locale":{"info":{"singularName":"locale","pluralName":"locales","collectionName":"locales","displayName":"Locale","description":""},"options":{"draftAndPublish":false},"pluginOptions":{"content-manager":{"visible":false},"content-type-builder":{"visible":false}},"attributes":{"name":{"type":"string","min":1,"max":50,"configurable":false},"code":{"type":"string","unique":true,"configurable":false},"createdAt":{"type":"datetime"},"updatedAt":{"type":"datetime"},"createdBy":{"type":"relation","relation":"oneToOne","target":"admin::user","configurable":false,"writable":false,"visible":false,"useJoinTable":false,"private":true},"updatedBy":{"type":"relation","relation":"oneToOne","target":"admin::user","configurable":false,"writable":false,"visible":false,"useJoinTable":false,"private":true}},"kind":"collectionType","__schema__":{"info":{"singularName":"locale","pluralName":"locales","collectionName":"locales","displayName":"Locale","description":""},"options":{"draftAndPublish":false},"pluginOptions":{"content-manager":{"visible":false},"content-type-builder":{"visible":false}},"attributes":{"name":{"type":"string","min":1,"max":50,"configurable":false},"code":{"type":"string","unique":true,"configurable":false}},"kind":"collectionType"},"modelType":"contentType","modelName":"locale","connection":"default","uid":"plugin::i18n.locale","plugin":"i18n","collectionName":"i18n_locale","globalId":"I18NLocale"},"api::cv.cv":{"kind":"collectionType","collectionName":"cvs","info":{"singularName":"cv","pluralName":"cvs","displayName":"CV","description":""},"options":{"draftAndPublish":false},"pluginOptions":{"i18n":{"localized":true}},"attributes":{"profile":{"type":"relation","relation":"manyToOne","target":"api::profile.profile","inversedBy":"cvs"},"description":{"pluginOptions":{"i18n":{"localized":true}},"type":"text"},"uuid":{"pluginOptions":{"i18n":{"localized":true}},"type":"string"},"createdAt":{"type":"datetime"},"updatedAt":{"type":"datetime"},"createdBy":{"type":"relation","relation":"oneToOne","target":"admin::user","configurable":false,"writable":false,"visible":false,"useJoinTable":false,"private":true},"updatedBy":{"type":"relation","relation":"oneToOne","target":"admin::user","configurable":false,"writable":false,"visible":false,"useJoinTable":false,"private":true},"localizations":{"writable":true,"private":false,"configurable":false,"visible":false,"type":"relation","relation":"oneToMany","target":"api::cv.cv"},"locale":{"writable":true,"private":false,"configurable":false,"visible":false,"type":"string"}},"__schema__":{"collectionName":"cvs","info":{"singularName":"cv","pluralName":"cvs","displayName":"CV","description":""},"options":{"draftAndPublish":false},"pluginOptions":{"i18n":{"localized":true}},"attributes":{"profile":{"type":"relation","relation":"manyToOne","target":"api::profile.profile","inversedBy":"cvs"},"description":{"pluginOptions":{"i18n":{"localized":true}},"type":"text"},"uuid":{"pluginOptions":{"i18n":{"localized":true}},"type":"string"}},"kind":"collectionType"},"modelType":"contentType","modelName":"cv","connection":"default","uid":"api::cv.cv","apiName":"cv","globalId":"Cv","actions":{},"lifecycles":{}},"api::education.education":{"kind":"collectionType","collectionName":"educations","info":{"singularName":"education","pluralName":"educations","displayName":"Education"},"options":{"draftAndPublish":false},"pluginOptions":{"i18n":{"localized":true}},"attributes":{"degree":{"pluginOptions":{"i18n":{"localized":true}},"type":"string"},"year":{"pluginOptions":{"i18n":{"localized":true}},"type":"date"},"profile":{"type":"relation","relation":"manyToOne","target":"api::profile.profile","inversedBy":"educations"},"createdAt":{"type":"datetime"},"updatedAt":{"type":"datetime"},"createdBy":{"type":"relation","relation":"oneToOne","target":"admin::user","configurable":false,"writable":false,"visible":false,"useJoinTable":false,"private":true},"updatedBy":{"type":"relation","relation":"oneToOne","target":"admin::user","configurable":false,"writable":false,"visible":false,"useJoinTable":false,"private":true},"localizations":{"writable":true,"private":false,"configurable":false,"visible":false,"type":"relation","relation":"oneToMany","target":"api::education.education"},"locale":{"writable":true,"private":false,"configurable":false,"visible":false,"type":"string"}},"__schema__":{"collectionName":"educations","info":{"singularName":"education","pluralName":"educations","displayName":"Education"},"options":{"draftAndPublish":false},"pluginOptions":{"i18n":{"localized":true}},"attributes":{"degree":{"pluginOptions":{"i18n":{"localized":true}},"type":"string"},"year":{"pluginOptions":{"i18n":{"localized":true}},"type":"date"},"profile":{"type":"relation","relation":"manyToOne","target":"api::profile.profile","inversedBy":"educations"}},"kind":"collectionType"},"modelType":"contentType","modelName":"education","connection":"default","uid":"api::education.education","apiName":"education","globalId":"Education","actions":{},"lifecycles":{}},"api::experience.experience":{"kind":"collectionType","collectionName":"experiences","info":{"singularName":"experience","pluralName":"experiences","displayName":"Experience","description":""},"options":{"draftAndPublish":false},"pluginOptions":{"i18n":{"localized":true}},"attributes":{"title":{"pluginOptions":{"i18n":{"localized":true}},"type":"string"},"description":{"pluginOptions":{"i18n":{"localized":true}},"type":"richtext"},"start":{"pluginOptions":{"i18n":{"localized":true}},"type":"date"},"end":{"pluginOptions":{"i18n":{"localized":true}},"type":"date"},"profile":{"type":"relation","relation":"manyToOne","target":"api::profile.profile","inversedBy":"experiences"},"company":{"pluginOptions":{"i18n":{"localized":true}},"type":"string","default":"Confidential, Tunisia"},"technologies":{"pluginOptions":{"i18n":{"localized":true}},"type":"text"},"createdAt":{"type":"datetime"},"updatedAt":{"type":"datetime"},"createdBy":{"type":"relation","relation":"oneToOne","target":"admin::user","configurable":false,"writable":false,"visible":false,"useJoinTable":false,"private":true},"updatedBy":{"type":"relation","relation":"oneToOne","target":"admin::user","configurable":false,"writable":false,"visible":false,"useJoinTable":false,"private":true},"localizations":{"writable":true,"private":false,"configurable":false,"visible":false,"type":"relation","relation":"oneToMany","target":"api::experience.experience"},"locale":{"writable":true,"private":false,"configurable":false,"visible":false,"type":"string"}},"__schema__":{"collectionName":"experiences","info":{"singularName":"experience","pluralName":"experiences","displayName":"Experience","description":""},"options":{"draftAndPublish":false},"pluginOptions":{"i18n":{"localized":true}},"attributes":{"title":{"pluginOptions":{"i18n":{"localized":true}},"type":"string"},"description":{"pluginOptions":{"i18n":{"localized":true}},"type":"richtext"},"start":{"pluginOptions":{"i18n":{"localized":true}},"type":"date"},"end":{"pluginOptions":{"i18n":{"localized":true}},"type":"date"},"profile":{"type":"relation","relation":"manyToOne","target":"api::profile.profile","inversedBy":"experiences"},"company":{"pluginOptions":{"i18n":{"localized":true}},"type":"string","default":"Confidential, Tunisia"},"technologies":{"pluginOptions":{"i18n":{"localized":true}},"type":"text"}},"kind":"collectionType"},"modelType":"contentType","modelName":"experience","connection":"default","uid":"api::experience.experience","apiName":"experience","globalId":"Experience","actions":{},"lifecycles":{}},"api::language.language":{"kind":"collectionType","collectionName":"languages","info":{"singularName":"language","pluralName":"languages","displayName":"Language","description":""},"options":{"draftAndPublish":false},"pluginOptions":{"i18n":{"localized":true}},"attributes":{"name":{"type":"string","pluginOptions":{"i18n":{"localized":true}}},"level":{"type":"string","pluginOptions":{"i18n":{"localized":true}}},"levelRate":{"type":"integer","max":5,"pluginOptions":{"i18n":{"localized":true}}},"profiles":{"type":"relation","relation":"manyToMany","target":"api::profile.profile","inversedBy":"languages"},"createdAt":{"type":"datetime"},"updatedAt":{"type":"datetime"},"createdBy":{"type":"relation","relation":"oneToOne","target":"admin::user","configurable":false,"writable":false,"visible":false,"useJoinTable":false,"private":true},"updatedBy":{"type":"relation","relation":"oneToOne","target":"admin::user","configurable":false,"writable":false,"visible":false,"useJoinTable":false,"private":true},"localizations":{"writable":true,"private":false,"configurable":false,"visible":false,"type":"relation","relation":"oneToMany","target":"api::language.language"},"locale":{"writable":true,"private":false,"configurable":false,"visible":false,"type":"string"}},"__schema__":{"collectionName":"languages","info":{"singularName":"language","pluralName":"languages","displayName":"Language","description":""},"options":{"draftAndPublish":false},"pluginOptions":{"i18n":{"localized":true}},"attributes":{"name":{"type":"string","pluginOptions":{"i18n":{"localized":true}}},"level":{"type":"string","pluginOptions":{"i18n":{"localized":true}}},"levelRate":{"type":"integer","max":5,"pluginOptions":{"i18n":{"localized":true}}},"profiles":{"type":"relation","relation":"manyToMany","target":"api::profile.profile","inversedBy":"languages"}},"kind":"collectionType"},"modelType":"contentType","modelName":"language","connection":"default","uid":"api::language.language","apiName":"language","globalId":"Language","actions":{},"lifecycles":{}},"api::profile.profile":{"kind":"collectionType","collectionName":"profiles","info":{"singularName":"profile","pluralName":"profiles","displayName":"Profile","description":""},"options":{"draftAndPublish":false},"pluginOptions":{"i18n":{"localized":true}},"attributes":{"firstName":{"pluginOptions":{"i18n":{"localized":true}},"type":"string"},"lastName":{"pluginOptions":{"i18n":{"localized":true}},"type":"string"},"phone":{"pluginOptions":{"i18n":{"localized":true}},"type":"string"},"exp":{"pluginOptions":{"i18n":{"localized":true}},"type":"integer"},"assets":{"pluginOptions":{"i18n":{"localized":true}},"type":"text"},"experiences":{"type":"relation","relation":"oneToMany","target":"api::experience.experience","mappedBy":"profile"},"cvs":{"type":"relation","relation":"oneToMany","target":"api::cv.cv","mappedBy":"profile"},"educations":{"type":"relation","relation":"oneToMany","target":"api::education.education","mappedBy":"profile"},"title":{"pluginOptions":{"i18n":{"localized":true}},"type":"string"},"languages":{"type":"relation","relation":"manyToMany","target":"api::language.language","inversedBy":"profiles"},"createdAt":{"type":"datetime"},"updatedAt":{"type":"datetime"},"createdBy":{"type":"relation","relation":"oneToOne","target":"admin::user","configurable":false,"writable":false,"visible":false,"useJoinTable":false,"private":true},"updatedBy":{"type":"relation","relation":"oneToOne","target":"admin::user","configurable":false,"writable":false,"visible":false,"useJoinTable":false,"private":true},"localizations":{"writable":true,"private":false,"configurable":false,"visible":false,"type":"relation","relation":"oneToMany","target":"api::profile.profile"},"locale":{"writable":true,"private":false,"configurable":false,"visible":false,"type":"string"}},"__schema__":{"collectionName":"profiles","info":{"singularName":"profile","pluralName":"profiles","displayName":"Profile","description":""},"options":{"draftAndPublish":false},"pluginOptions":{"i18n":{"localized":true}},"attributes":{"firstName":{"pluginOptions":{"i18n":{"localized":true}},"type":"string"},"lastName":{"pluginOptions":{"i18n":{"localized":true}},"type":"string"},"phone":{"pluginOptions":{"i18n":{"localized":true}},"type":"string"},"exp":{"pluginOptions":{"i18n":{"localized":true}},"type":"integer"},"assets":{"pluginOptions":{"i18n":{"localized":true}},"type":"text"},"experiences":{"type":"relation","relation":"oneToMany","target":"api::experience.experience","mappedBy":"profile"},"cvs":{"type":"relation","relation":"oneToMany","target":"api::cv.cv","mappedBy":"profile"},"educations":{"type":"relation","relation":"oneToMany","target":"api::education.education","mappedBy":"profile"},"title":{"pluginOptions":{"i18n":{"localized":true}},"type":"string"},"languages":{"type":"relation","relation":"manyToMany","target":"api::language.language","inversedBy":"profiles"}},"kind":"collectionType"},"modelType":"contentType","modelName":"profile","connection":"default","uid":"api::profile.profile","apiName":"profile","globalId":"Profile","actions":{},"lifecycles":{}}}	object	\N	\N
19	core_admin_auth	{"providers":{"autoRegister":false,"defaultRole":null}}	object	\N	\N
8	plugin_content_manager_configuration_content_types::plugin::users-permissions.permission	{"uid":"plugin::users-permissions.permission","settings":{"bulkable":true,"filterable":true,"searchable":true,"pageSize":10,"mainField":"action","defaultSortBy":"action","defaultSortOrder":"ASC"},"metadatas":{"id":{"edit":{},"list":{"label":"id","searchable":true,"sortable":true}},"action":{"edit":{"label":"action","description":"","placeholder":"","visible":true,"editable":true},"list":{"label":"action","searchable":true,"sortable":true}},"role":{"edit":{"label":"role","description":"","placeholder":"","visible":true,"editable":true,"mainField":"name"},"list":{"label":"role","searchable":true,"sortable":true}},"createdAt":{"edit":{"label":"createdAt","description":"","placeholder":"","visible":false,"editable":true},"list":{"label":"createdAt","searchable":true,"sortable":true}},"updatedAt":{"edit":{"label":"updatedAt","description":"","placeholder":"","visible":false,"editable":true},"list":{"label":"updatedAt","searchable":true,"sortable":true}}},"layouts":{"list":["id","action","role","createdAt"],"edit":[[{"name":"action","size":6},{"name":"role","size":6}]]}}	object	\N	\N
9	plugin_content_manager_configuration_content_types::plugin::users-permissions.role	{"uid":"plugin::users-permissions.role","settings":{"bulkable":true,"filterable":true,"searchable":true,"pageSize":10,"mainField":"name","defaultSortBy":"name","defaultSortOrder":"ASC"},"metadatas":{"id":{"edit":{},"list":{"label":"id","searchable":true,"sortable":true}},"name":{"edit":{"label":"name","description":"","placeholder":"","visible":true,"editable":true},"list":{"label":"name","searchable":true,"sortable":true}},"description":{"edit":{"label":"description","description":"","placeholder":"","visible":true,"editable":true},"list":{"label":"description","searchable":true,"sortable":true}},"type":{"edit":{"label":"type","description":"","placeholder":"","visible":true,"editable":true},"list":{"label":"type","searchable":true,"sortable":true}},"permissions":{"edit":{"label":"permissions","description":"","placeholder":"","visible":true,"editable":true,"mainField":"action"},"list":{"label":"permissions","searchable":false,"sortable":false}},"users":{"edit":{"label":"users","description":"","placeholder":"","visible":true,"editable":true,"mainField":"username"},"list":{"label":"users","searchable":false,"sortable":false}},"createdAt":{"edit":{"label":"createdAt","description":"","placeholder":"","visible":false,"editable":true},"list":{"label":"createdAt","searchable":true,"sortable":true}},"updatedAt":{"edit":{"label":"updatedAt","description":"","placeholder":"","visible":false,"editable":true},"list":{"label":"updatedAt","searchable":true,"sortable":true}}},"layouts":{"list":["id","name","description","type"],"edit":[[{"name":"name","size":6},{"name":"description","size":6}],[{"name":"type","size":6},{"name":"permissions","size":6}],[{"name":"users","size":6}]]}}	object	\N	\N
10	plugin_content_manager_configuration_content_types::admin::role	{"uid":"admin::role","settings":{"bulkable":true,"filterable":true,"searchable":true,"pageSize":10,"mainField":"name","defaultSortBy":"name","defaultSortOrder":"ASC"},"metadatas":{"id":{"edit":{},"list":{"label":"id","searchable":true,"sortable":true}},"name":{"edit":{"label":"name","description":"","placeholder":"","visible":true,"editable":true},"list":{"label":"name","searchable":true,"sortable":true}},"code":{"edit":{"label":"code","description":"","placeholder":"","visible":true,"editable":true},"list":{"label":"code","searchable":true,"sortable":true}},"description":{"edit":{"label":"description","description":"","placeholder":"","visible":true,"editable":true},"list":{"label":"description","searchable":true,"sortable":true}},"users":{"edit":{"label":"users","description":"","placeholder":"","visible":true,"editable":true,"mainField":"firstname"},"list":{"label":"users","searchable":false,"sortable":false}},"permissions":{"edit":{"label":"permissions","description":"","placeholder":"","visible":true,"editable":true,"mainField":"action"},"list":{"label":"permissions","searchable":false,"sortable":false}},"createdAt":{"edit":{"label":"createdAt","description":"","placeholder":"","visible":false,"editable":true},"list":{"label":"createdAt","searchable":true,"sortable":true}},"updatedAt":{"edit":{"label":"updatedAt","description":"","placeholder":"","visible":false,"editable":true},"list":{"label":"updatedAt","searchable":true,"sortable":true}}},"layouts":{"list":["id","name","code","description"],"edit":[[{"name":"name","size":6},{"name":"code","size":6}],[{"name":"description","size":6},{"name":"users","size":6}],[{"name":"permissions","size":6}]]}}	object	\N	\N
11	plugin_content_manager_configuration_content_types::plugin::users-permissions.user	{"uid":"plugin::users-permissions.user","settings":{"bulkable":true,"filterable":true,"searchable":true,"pageSize":10,"mainField":"username","defaultSortBy":"username","defaultSortOrder":"ASC"},"metadatas":{"id":{"edit":{},"list":{"label":"id","searchable":true,"sortable":true}},"username":{"edit":{"label":"username","description":"","placeholder":"","visible":true,"editable":true},"list":{"label":"username","searchable":true,"sortable":true}},"email":{"edit":{"label":"email","description":"","placeholder":"","visible":true,"editable":true},"list":{"label":"email","searchable":true,"sortable":true}},"provider":{"edit":{"label":"provider","description":"","placeholder":"","visible":false,"editable":true},"list":{"label":"provider","searchable":true,"sortable":true}},"password":{"edit":{"label":"password","description":"","placeholder":"","visible":true,"editable":true},"list":{"label":"password","searchable":true,"sortable":true}},"resetPasswordToken":{"edit":{"label":"resetPasswordToken","description":"","placeholder":"","visible":false,"editable":true},"list":{"label":"resetPasswordToken","searchable":true,"sortable":true}},"confirmationToken":{"edit":{"label":"confirmationToken","description":"","placeholder":"","visible":false,"editable":true},"list":{"label":"confirmationToken","searchable":true,"sortable":true}},"confirmed":{"edit":{"label":"confirmed","description":"","placeholder":"","visible":true,"editable":true},"list":{"label":"confirmed","searchable":true,"sortable":true}},"blocked":{"edit":{"label":"blocked","description":"","placeholder":"","visible":true,"editable":true},"list":{"label":"blocked","searchable":true,"sortable":true}},"role":{"edit":{"label":"role","description":"","placeholder":"","visible":true,"editable":true,"mainField":"name"},"list":{"label":"role","searchable":true,"sortable":true}},"createdAt":{"edit":{"label":"createdAt","description":"","placeholder":"","visible":false,"editable":true},"list":{"label":"createdAt","searchable":true,"sortable":true}},"updatedAt":{"edit":{"label":"updatedAt","description":"","placeholder":"","visible":false,"editable":true},"list":{"label":"updatedAt","searchable":true,"sortable":true}}},"layouts":{"list":["id","username","email","confirmed"],"edit":[[{"name":"username","size":6},{"name":"email","size":6}],[{"name":"password","size":6},{"name":"confirmed","size":4}],[{"name":"blocked","size":4},{"name":"role","size":6}]]}}	object	\N	\N
13	plugin_upload_settings	{"sizeOptimization":true,"responsiveDimensions":true,"autoOrientation":false}	object	\N	\N
15	plugin_users-permissions_grant	{"email":{"enabled":true,"icon":"envelope"},"discord":{"enabled":false,"icon":"discord","key":"","secret":"","callback":"api/auth/discord/callback","scope":["identify","email"]},"facebook":{"enabled":false,"icon":"facebook-square","key":"","secret":"","callback":"api/auth/facebook/callback","scope":["email"]},"google":{"enabled":false,"icon":"google","key":"","secret":"","callback":"api/auth/google/callback","scope":["email"]},"github":{"enabled":false,"icon":"github","key":"","secret":"","callback":"api/auth/github/callback","scope":["user","user:email"]},"microsoft":{"enabled":false,"icon":"windows","key":"","secret":"","callback":"api/auth/microsoft/callback","scope":["user.read"]},"twitter":{"enabled":false,"icon":"twitter","key":"","secret":"","callback":"api/auth/twitter/callback"},"instagram":{"enabled":false,"icon":"instagram","key":"","secret":"","callback":"api/auth/instagram/callback","scope":["user_profile"]},"vk":{"enabled":false,"icon":"vk","key":"","secret":"","callback":"api/auth/vk/callback","scope":["email"]},"twitch":{"enabled":false,"icon":"twitch","key":"","secret":"","callback":"api/auth/twitch/callback","scope":["user:read:email"]},"linkedin":{"enabled":false,"icon":"linkedin","key":"","secret":"","callback":"api/auth/linkedin/callback","scope":["r_liteprofile","r_emailaddress"]},"cognito":{"enabled":false,"icon":"aws","key":"","secret":"","subdomain":"my.subdomain.com","callback":"api/auth/cognito/callback","scope":["email","openid","profile"]},"reddit":{"enabled":false,"icon":"reddit","key":"","secret":"","state":true,"callback":"api/auth/reddit/callback","scope":["identity"]},"auth0":{"enabled":false,"icon":"","key":"","secret":"","subdomain":"my-tenant.eu","callback":"api/auth/auth0/callback","scope":["openid","email","profile"]},"cas":{"enabled":false,"icon":"book","key":"","secret":"","callback":"api/auth/cas/callback","scope":["openid email"],"subdomain":"my.subdomain.com/cas"}}	object	\N	\N
14	plugin_upload_metrics	{"weeklySchedule":"47 23 11 * * 3","lastWeeklyUpdate":1670412227041}	object	\N	\N
12	plugin_content_manager_configuration_content_types::plugin::i18n.locale	{"uid":"plugin::i18n.locale","settings":{"bulkable":true,"filterable":true,"searchable":true,"pageSize":10,"mainField":"name","defaultSortBy":"name","defaultSortOrder":"ASC"},"metadatas":{"id":{"edit":{},"list":{"label":"id","searchable":true,"sortable":true}},"name":{"edit":{"label":"name","description":"","placeholder":"","visible":true,"editable":true},"list":{"label":"name","searchable":true,"sortable":true}},"code":{"edit":{"label":"code","description":"","placeholder":"","visible":true,"editable":true},"list":{"label":"code","searchable":true,"sortable":true}},"createdAt":{"edit":{"label":"createdAt","description":"","placeholder":"","visible":false,"editable":true},"list":{"label":"createdAt","searchable":true,"sortable":true}},"updatedAt":{"edit":{"label":"updatedAt","description":"","placeholder":"","visible":false,"editable":true},"list":{"label":"updatedAt","searchable":true,"sortable":true}}},"layouts":{"list":["id","name","code","createdAt"],"edit":[[{"name":"name","size":6},{"name":"code","size":6}]]}}	object	\N	\N
16	plugin_users-permissions_email	{"reset_password":{"display":"Email.template.reset_password","icon":"sync","options":{"from":{"name":"Administration Panel","email":"no-reply@strapi.io"},"response_email":"","object":"Reset password","message":"<p>We heard that you lost your password. Sorry about that!</p>\\n\\n<p>But dont worry! You can use the following link to reset your password:</p>\\n<p><%= URL %>?code=<%= TOKEN %></p>\\n\\n<p>Thanks.</p>"}},"email_confirmation":{"display":"Email.template.email_confirmation","icon":"check-square","options":{"from":{"name":"Administration Panel","email":"no-reply@strapi.io"},"response_email":"","object":"Account confirmation","message":"<p>Thank you for registering!</p>\\n\\n<p>You have to confirm your email address. Please click on the link below.</p>\\n\\n<p><%= URL %>?confirmation=<%= CODE %></p>\\n\\n<p>Thanks.</p>"}}}	object	\N	\N
17	plugin_users-permissions_advanced	{"unique_email":true,"allow_register":true,"email_confirmation":false,"email_reset_password":null,"email_confirmation_redirection":null,"default_role":"authenticated"}	object	\N	\N
21	plugin_content_manager_configuration_content_types::api::experience.experience	{"uid":"api::experience.experience","settings":{"bulkable":true,"filterable":true,"searchable":true,"pageSize":10,"mainField":"title","defaultSortBy":"title","defaultSortOrder":"ASC"},"metadatas":{"id":{"edit":{},"list":{"label":"id","searchable":true,"sortable":true}},"title":{"edit":{"label":"title","description":"","placeholder":"","visible":true,"editable":true},"list":{"label":"title","searchable":true,"sortable":true}},"description":{"edit":{"label":"description","description":"","placeholder":"","visible":true,"editable":true},"list":{"label":"description","searchable":false,"sortable":false}},"start":{"edit":{"label":"start","description":"","placeholder":"","visible":true,"editable":true},"list":{"label":"start","searchable":true,"sortable":true}},"end":{"edit":{"label":"end","description":"","placeholder":"","visible":true,"editable":true},"list":{"label":"end","searchable":true,"sortable":true}},"profile":{"edit":{"label":"profile","description":"","placeholder":"","visible":true,"editable":true,"mainField":"firstName"},"list":{"label":"profile","searchable":true,"sortable":true}},"company":{"edit":{"label":"company","description":"","placeholder":"","visible":true,"editable":true},"list":{"label":"company","searchable":true,"sortable":true}},"technologies":{"edit":{"label":"technologies","description":"","placeholder":"","visible":true,"editable":true},"list":{"label":"technologies","searchable":true,"sortable":true}},"createdAt":{"edit":{"label":"createdAt","description":"","placeholder":"","visible":false,"editable":true},"list":{"label":"createdAt","searchable":true,"sortable":true}},"updatedAt":{"edit":{"label":"updatedAt","description":"","placeholder":"","visible":false,"editable":true},"list":{"label":"updatedAt","searchable":true,"sortable":true}}},"layouts":{"edit":[[{"name":"title","size":6}],[{"name":"description","size":12}],[{"name":"start","size":4},{"name":"end","size":4}],[{"name":"profile","size":6}],[{"name":"company","size":6},{"name":"technologies","size":6}]],"list":["id","title","start","end","createdAt"]}}	object	\N	\N
22	plugin_content_manager_configuration_content_types::api::education.education	{"uid":"api::education.education","settings":{"bulkable":true,"filterable":true,"searchable":true,"pageSize":10,"mainField":"degree","defaultSortBy":"degree","defaultSortOrder":"ASC"},"metadatas":{"id":{"edit":{},"list":{"label":"id","searchable":true,"sortable":true}},"degree":{"edit":{"label":"degree","description":"","placeholder":"","visible":true,"editable":true},"list":{"label":"degree","searchable":true,"sortable":true}},"year":{"edit":{"label":"year","description":"","placeholder":"","visible":true,"editable":true},"list":{"label":"year","searchable":true,"sortable":true}},"profile":{"edit":{"label":"profile","description":"","placeholder":"","visible":true,"editable":true,"mainField":"firstName"},"list":{"label":"profile","searchable":true,"sortable":true}},"createdAt":{"edit":{"label":"createdAt","description":"","placeholder":"","visible":false,"editable":true},"list":{"label":"createdAt","searchable":true,"sortable":true}},"updatedAt":{"edit":{"label":"updatedAt","description":"","placeholder":"","visible":false,"editable":true},"list":{"label":"updatedAt","searchable":true,"sortable":true}}},"layouts":{"list":["id","degree","year","createdAt"],"edit":[[{"name":"degree","size":6},{"name":"year","size":4}],[{"name":"profile","size":6}]]}}	object	\N	\N
20	plugin_content_manager_configuration_content_types::api::profile.profile	{"uid":"api::profile.profile","settings":{"bulkable":true,"filterable":true,"searchable":true,"pageSize":10,"mainField":"firstName","defaultSortBy":"firstName","defaultSortOrder":"ASC"},"metadatas":{"id":{"edit":{},"list":{"label":"id","searchable":true,"sortable":true}},"firstName":{"edit":{"label":"firstName","description":"","placeholder":"","visible":true,"editable":true},"list":{"label":"firstName","searchable":true,"sortable":true}},"lastName":{"edit":{"label":"lastName","description":"","placeholder":"","visible":true,"editable":true},"list":{"label":"lastName","searchable":true,"sortable":true}},"phone":{"edit":{"label":"phone","description":"","placeholder":"","visible":true,"editable":true},"list":{"label":"phone","searchable":true,"sortable":true}},"exp":{"edit":{"label":"exp","description":"","placeholder":"","visible":true,"editable":true},"list":{"label":"exp","searchable":true,"sortable":true}},"assets":{"edit":{"label":"assets","description":"","placeholder":"","visible":true,"editable":true},"list":{"label":"assets","searchable":true,"sortable":true}},"experiences":{"edit":{"label":"experiences","description":"","placeholder":"","visible":true,"editable":true,"mainField":"title"},"list":{"label":"experiences","searchable":false,"sortable":false}},"cvs":{"edit":{"label":"cvs","description":"","placeholder":"","visible":true,"editable":true,"mainField":"id"},"list":{"label":"cvs","searchable":false,"sortable":false}},"educations":{"edit":{"label":"educations","description":"","placeholder":"","visible":true,"editable":true,"mainField":"degree"},"list":{"label":"educations","searchable":false,"sortable":false}},"title":{"edit":{"label":"title","description":"","placeholder":"","visible":true,"editable":true},"list":{"label":"title","searchable":true,"sortable":true}},"languages":{"edit":{"label":"languages","description":"","placeholder":"","visible":true,"editable":true,"mainField":"name"},"list":{"label":"languages","searchable":false,"sortable":false}},"createdAt":{"edit":{"label":"createdAt","description":"","placeholder":"","visible":false,"editable":true},"list":{"label":"createdAt","searchable":true,"sortable":true}},"updatedAt":{"edit":{"label":"updatedAt","description":"","placeholder":"","visible":false,"editable":true},"list":{"label":"updatedAt","searchable":true,"sortable":true}}},"layouts":{"list":["id","firstName","lastName","phone"],"edit":[[{"name":"firstName","size":6},{"name":"lastName","size":6}],[{"name":"phone","size":6},{"name":"exp","size":4}],[{"name":"assets","size":6},{"name":"experiences","size":6}],[{"name":"cvs","size":6},{"name":"educations","size":6}],[{"name":"title","size":6},{"name":"languages","size":6}]]}}	object	\N	\N
24	plugin_content_manager_configuration_content_types::api::language.language	{"uid":"api::language.language","settings":{"bulkable":true,"filterable":true,"searchable":true,"pageSize":10,"mainField":"name","defaultSortBy":"name","defaultSortOrder":"ASC"},"metadatas":{"id":{"edit":{},"list":{"label":"id","searchable":true,"sortable":true}},"name":{"edit":{"label":"name","description":"","placeholder":"","visible":true,"editable":true},"list":{"label":"name","searchable":true,"sortable":true}},"level":{"edit":{"label":"level","description":"","placeholder":"","visible":true,"editable":true},"list":{"label":"level","searchable":true,"sortable":true}},"levelRate":{"edit":{"label":"levelRate","description":"","placeholder":"","visible":true,"editable":true},"list":{"label":"levelRate","searchable":true,"sortable":true}},"profiles":{"edit":{"label":"profiles","description":"","placeholder":"","visible":true,"editable":true,"mainField":"firstName"},"list":{"label":"profiles","searchable":false,"sortable":false}},"createdAt":{"edit":{"label":"createdAt","description":"","placeholder":"","visible":false,"editable":true},"list":{"label":"createdAt","searchable":true,"sortable":true}},"updatedAt":{"edit":{"label":"updatedAt","description":"","placeholder":"","visible":false,"editable":true},"list":{"label":"updatedAt","searchable":true,"sortable":true}}},"layouts":{"list":["id","name","level","levelRate"],"edit":[[{"name":"name","size":6},{"name":"level","size":6}],[{"name":"levelRate","size":4},{"name":"profiles","size":6}]]}}	object	\N	\N
23	plugin_content_manager_configuration_content_types::api::cv.cv	{"uid":"api::cv.cv","settings":{"bulkable":true,"filterable":true,"searchable":true,"pageSize":10,"mainField":"id","defaultSortBy":"id","defaultSortOrder":"ASC"},"metadatas":{"id":{"edit":{},"list":{"label":"id","searchable":true,"sortable":true}},"profile":{"edit":{"label":"profile","description":"","placeholder":"","visible":true,"editable":true,"mainField":"firstName"},"list":{"label":"profile","searchable":true,"sortable":true}},"description":{"edit":{"label":"description","description":"","placeholder":"","visible":true,"editable":true},"list":{"label":"description","searchable":true,"sortable":true}},"uuid":{"edit":{"label":"uuid","description":"","placeholder":"","visible":true,"editable":true},"list":{"label":"uuid","searchable":true,"sortable":true}},"createdAt":{"edit":{"label":"createdAt","description":"","placeholder":"","visible":false,"editable":true},"list":{"label":"createdAt","searchable":true,"sortable":true}},"updatedAt":{"edit":{"label":"updatedAt","description":"","placeholder":"","visible":false,"editable":true},"list":{"label":"updatedAt","searchable":true,"sortable":true}}},"layouts":{"list":["id","profile","createdAt"],"edit":[[{"name":"profile","size":6}],[{"name":"description","size":6},{"name":"uuid","size":6}]]}}	object	\N	\N
\.


--
-- Data for Name: strapi_database_schema; Type: TABLE DATA; Schema: public; Owner: cvgendb
--

COPY public.strapi_database_schema (id, schema, "time", hash) FROM stdin;
17	{"tables":[{"name":"strapi_core_store_settings","indexes":[],"foreignKeys":[],"columns":[{"name":"id","type":"increments","args":[{"primary":true,"primaryKey":true}],"defaultTo":null,"notNullable":true,"unsigned":false},{"name":"key","type":"string","args":[],"defaultTo":null,"notNullable":false,"unsigned":false},{"name":"value","type":"text","args":["longtext"],"defaultTo":null,"notNullable":false,"unsigned":false},{"name":"type","type":"string","args":[],"defaultTo":null,"notNullable":false,"unsigned":false},{"name":"environment","type":"string","args":[],"defaultTo":null,"notNullable":false,"unsigned":false},{"name":"tag","type":"string","args":[],"defaultTo":null,"notNullable":false,"unsigned":false}]},{"name":"strapi_webhooks","indexes":[],"foreignKeys":[],"columns":[{"name":"id","type":"increments","args":[{"primary":true,"primaryKey":true}],"defaultTo":null,"notNullable":true,"unsigned":false},{"name":"name","type":"string","args":[],"defaultTo":null,"notNullable":false,"unsigned":false},{"name":"url","type":"text","args":["longtext"],"defaultTo":null,"notNullable":false,"unsigned":false},{"name":"headers","type":"jsonb","args":[],"defaultTo":null,"notNullable":false,"unsigned":false},{"name":"events","type":"jsonb","args":[],"defaultTo":null,"notNullable":false,"unsigned":false},{"name":"enabled","type":"boolean","args":[],"defaultTo":null,"notNullable":false,"unsigned":false}]},{"name":"admin_permissions","indexes":[{"name":"admin_permissions_created_by_id_fk","columns":["created_by_id"]},{"name":"admin_permissions_updated_by_id_fk","columns":["updated_by_id"]}],"foreignKeys":[{"name":"admin_permissions_created_by_id_fk","columns":["created_by_id"],"referencedTable":"admin_users","referencedColumns":["id"],"onDelete":"SET NULL"},{"name":"admin_permissions_updated_by_id_fk","columns":["updated_by_id"],"referencedTable":"admin_users","referencedColumns":["id"],"onDelete":"SET NULL"}],"columns":[{"name":"id","type":"increments","args":[{"primary":true,"primaryKey":true}],"defaultTo":null,"notNullable":true,"unsigned":false},{"name":"action","type":"string","args":[],"defaultTo":null,"notNullable":false,"unsigned":false},{"name":"subject","type":"string","args":[],"defaultTo":null,"notNullable":false,"unsigned":false},{"name":"properties","type":"jsonb","args":[],"defaultTo":null,"notNullable":false,"unsigned":false},{"name":"conditions","type":"jsonb","args":[],"defaultTo":null,"notNullable":false,"unsigned":false},{"name":"created_at","type":"datetime","args":[{"useTz":false,"precision":6}],"defaultTo":null,"notNullable":false,"unsigned":false},{"name":"updated_at","type":"datetime","args":[{"useTz":false,"precision":6}],"defaultTo":null,"notNullable":false,"unsigned":false},{"name":"created_by_id","type":"integer","args":[],"defaultTo":null,"notNullable":false,"unsigned":true},{"name":"updated_by_id","type":"integer","args":[],"defaultTo":null,"notNullable":false,"unsigned":true}]},{"name":"admin_users","indexes":[{"name":"admin_users_created_by_id_fk","columns":["created_by_id"]},{"name":"admin_users_updated_by_id_fk","columns":["updated_by_id"]}],"foreignKeys":[{"name":"admin_users_created_by_id_fk","columns":["created_by_id"],"referencedTable":"admin_users","referencedColumns":["id"],"onDelete":"SET NULL"},{"name":"admin_users_updated_by_id_fk","columns":["updated_by_id"],"referencedTable":"admin_users","referencedColumns":["id"],"onDelete":"SET NULL"}],"columns":[{"name":"id","type":"increments","args":[{"primary":true,"primaryKey":true}],"defaultTo":null,"notNullable":true,"unsigned":false},{"name":"firstname","type":"string","args":[],"defaultTo":null,"notNullable":false,"unsigned":false},{"name":"lastname","type":"string","args":[],"defaultTo":null,"notNullable":false,"unsigned":false},{"name":"username","type":"string","args":[],"defaultTo":null,"notNullable":false,"unsigned":false},{"name":"email","type":"string","args":[],"defaultTo":null,"notNullable":false,"unsigned":false},{"name":"password","type":"string","args":[],"defaultTo":null,"notNullable":false,"unsigned":false},{"name":"reset_password_token","type":"string","args":[],"defaultTo":null,"notNullable":false,"unsigned":false},{"name":"registration_token","type":"string","args":[],"defaultTo":null,"notNullable":false,"unsigned":false},{"name":"is_active","type":"boolean","args":[],"defaultTo":null,"notNullable":false,"unsigned":false},{"name":"blocked","type":"boolean","args":[],"defaultTo":null,"notNullable":false,"unsigned":false},{"name":"prefered_language","type":"string","args":[],"defaultTo":null,"notNullable":false,"unsigned":false},{"name":"created_at","type":"datetime","args":[{"useTz":false,"precision":6}],"defaultTo":null,"notNullable":false,"unsigned":false},{"name":"updated_at","type":"datetime","args":[{"useTz":false,"precision":6}],"defaultTo":null,"notNullable":false,"unsigned":false},{"name":"created_by_id","type":"integer","args":[],"defaultTo":null,"notNullable":false,"unsigned":true},{"name":"updated_by_id","type":"integer","args":[],"defaultTo":null,"notNullable":false,"unsigned":true}]},{"name":"admin_roles","indexes":[{"name":"admin_roles_created_by_id_fk","columns":["created_by_id"]},{"name":"admin_roles_updated_by_id_fk","columns":["updated_by_id"]}],"foreignKeys":[{"name":"admin_roles_created_by_id_fk","columns":["created_by_id"],"referencedTable":"admin_users","referencedColumns":["id"],"onDelete":"SET NULL"},{"name":"admin_roles_updated_by_id_fk","columns":["updated_by_id"],"referencedTable":"admin_users","referencedColumns":["id"],"onDelete":"SET NULL"}],"columns":[{"name":"id","type":"increments","args":[{"primary":true,"primaryKey":true}],"defaultTo":null,"notNullable":true,"unsigned":false},{"name":"name","type":"string","args":[],"defaultTo":null,"notNullable":false,"unsigned":false},{"name":"code","type":"string","args":[],"defaultTo":null,"notNullable":false,"unsigned":false},{"name":"description","type":"string","args":[],"defaultTo":null,"notNullable":false,"unsigned":false},{"name":"created_at","type":"datetime","args":[{"useTz":false,"precision":6}],"defaultTo":null,"notNullable":false,"unsigned":false},{"name":"updated_at","type":"datetime","args":[{"useTz":false,"precision":6}],"defaultTo":null,"notNullable":false,"unsigned":false},{"name":"created_by_id","type":"integer","args":[],"defaultTo":null,"notNullable":false,"unsigned":true},{"name":"updated_by_id","type":"integer","args":[],"defaultTo":null,"notNullable":false,"unsigned":true}]},{"name":"strapi_api_tokens","indexes":[{"name":"strapi_api_tokens_created_by_id_fk","columns":["created_by_id"]},{"name":"strapi_api_tokens_updated_by_id_fk","columns":["updated_by_id"]}],"foreignKeys":[{"name":"strapi_api_tokens_created_by_id_fk","columns":["created_by_id"],"referencedTable":"admin_users","referencedColumns":["id"],"onDelete":"SET NULL"},{"name":"strapi_api_tokens_updated_by_id_fk","columns":["updated_by_id"],"referencedTable":"admin_users","referencedColumns":["id"],"onDelete":"SET NULL"}],"columns":[{"name":"id","type":"increments","args":[{"primary":true,"primaryKey":true}],"defaultTo":null,"notNullable":true,"unsigned":false},{"name":"name","type":"string","args":[],"defaultTo":null,"notNullable":false,"unsigned":false},{"name":"description","type":"string","args":[],"defaultTo":null,"notNullable":false,"unsigned":false},{"name":"type","type":"string","args":[],"defaultTo":null,"notNullable":false,"unsigned":false},{"name":"access_key","type":"string","args":[],"defaultTo":null,"notNullable":false,"unsigned":false},{"name":"last_used_at","type":"datetime","args":[{"useTz":false,"precision":6}],"defaultTo":null,"notNullable":false,"unsigned":false},{"name":"expires_at","type":"datetime","args":[{"useTz":false,"precision":6}],"defaultTo":null,"notNullable":false,"unsigned":false},{"name":"lifespan","type":"bigInteger","args":[],"defaultTo":null,"notNullable":false,"unsigned":false},{"name":"created_at","type":"datetime","args":[{"useTz":false,"precision":6}],"defaultTo":null,"notNullable":false,"unsigned":false},{"name":"updated_at","type":"datetime","args":[{"useTz":false,"precision":6}],"defaultTo":null,"notNullable":false,"unsigned":false},{"name":"created_by_id","type":"integer","args":[],"defaultTo":null,"notNullable":false,"unsigned":true},{"name":"updated_by_id","type":"integer","args":[],"defaultTo":null,"notNullable":false,"unsigned":true}]},{"name":"strapi_api_token_permissions","indexes":[{"name":"strapi_api_token_permissions_created_by_id_fk","columns":["created_by_id"]},{"name":"strapi_api_token_permissions_updated_by_id_fk","columns":["updated_by_id"]}],"foreignKeys":[{"name":"strapi_api_token_permissions_created_by_id_fk","columns":["created_by_id"],"referencedTable":"admin_users","referencedColumns":["id"],"onDelete":"SET NULL"},{"name":"strapi_api_token_permissions_updated_by_id_fk","columns":["updated_by_id"],"referencedTable":"admin_users","referencedColumns":["id"],"onDelete":"SET NULL"}],"columns":[{"name":"id","type":"increments","args":[{"primary":true,"primaryKey":true}],"defaultTo":null,"notNullable":true,"unsigned":false},{"name":"action","type":"string","args":[],"defaultTo":null,"notNullable":false,"unsigned":false},{"name":"created_at","type":"datetime","args":[{"useTz":false,"precision":6}],"defaultTo":null,"notNullable":false,"unsigned":false},{"name":"updated_at","type":"datetime","args":[{"useTz":false,"precision":6}],"defaultTo":null,"notNullable":false,"unsigned":false},{"name":"created_by_id","type":"integer","args":[],"defaultTo":null,"notNullable":false,"unsigned":true},{"name":"updated_by_id","type":"integer","args":[],"defaultTo":null,"notNullable":false,"unsigned":true}]},{"name":"files","indexes":[{"name":"upload_files_folder_path_index","columns":["folder_path"],"type":null},{"name":"files_created_by_id_fk","columns":["created_by_id"]},{"name":"files_updated_by_id_fk","columns":["updated_by_id"]}],"foreignKeys":[{"name":"files_created_by_id_fk","columns":["created_by_id"],"referencedTable":"admin_users","referencedColumns":["id"],"onDelete":"SET NULL"},{"name":"files_updated_by_id_fk","columns":["updated_by_id"],"referencedTable":"admin_users","referencedColumns":["id"],"onDelete":"SET NULL"}],"columns":[{"name":"id","type":"increments","args":[{"primary":true,"primaryKey":true}],"defaultTo":null,"notNullable":true,"unsigned":false},{"name":"name","type":"string","args":[],"defaultTo":null,"notNullable":false,"unsigned":false},{"name":"alternative_text","type":"string","args":[],"defaultTo":null,"notNullable":false,"unsigned":false},{"name":"caption","type":"string","args":[],"defaultTo":null,"notNullable":false,"unsigned":false},{"name":"width","type":"integer","args":[],"defaultTo":null,"notNullable":false,"unsigned":false},{"name":"height","type":"integer","args":[],"defaultTo":null,"notNullable":false,"unsigned":false},{"name":"formats","type":"jsonb","args":[],"defaultTo":null,"notNullable":false,"unsigned":false},{"name":"hash","type":"string","args":[],"defaultTo":null,"notNullable":false,"unsigned":false},{"name":"ext","type":"string","args":[],"defaultTo":null,"notNullable":false,"unsigned":false},{"name":"mime","type":"string","args":[],"defaultTo":null,"notNullable":false,"unsigned":false},{"name":"size","type":"decimal","args":[10,2],"defaultTo":null,"notNullable":false,"unsigned":false},{"name":"url","type":"string","args":[],"defaultTo":null,"notNullable":false,"unsigned":false},{"name":"preview_url","type":"string","args":[],"defaultTo":null,"notNullable":false,"unsigned":false},{"name":"provider","type":"string","args":[],"defaultTo":null,"notNullable":false,"unsigned":false},{"name":"provider_metadata","type":"jsonb","args":[],"defaultTo":null,"notNullable":false,"unsigned":false},{"name":"folder_path","type":"string","args":[],"defaultTo":null,"notNullable":false,"unsigned":false},{"name":"created_at","type":"datetime","args":[{"useTz":false,"precision":6}],"defaultTo":null,"notNullable":false,"unsigned":false},{"name":"updated_at","type":"datetime","args":[{"useTz":false,"precision":6}],"defaultTo":null,"notNullable":false,"unsigned":false},{"name":"created_by_id","type":"integer","args":[],"defaultTo":null,"notNullable":false,"unsigned":true},{"name":"updated_by_id","type":"integer","args":[],"defaultTo":null,"notNullable":false,"unsigned":true}]},{"name":"upload_folders","indexes":[{"name":"upload_folders_path_id_index","columns":["path_id"],"type":"unique"},{"name":"upload_folders_path_index","columns":["path"],"type":"unique"},{"name":"upload_folders_created_by_id_fk","columns":["created_by_id"]},{"name":"upload_folders_updated_by_id_fk","columns":["updated_by_id"]}],"foreignKeys":[{"name":"upload_folders_created_by_id_fk","columns":["created_by_id"],"referencedTable":"admin_users","referencedColumns":["id"],"onDelete":"SET NULL"},{"name":"upload_folders_updated_by_id_fk","columns":["updated_by_id"],"referencedTable":"admin_users","referencedColumns":["id"],"onDelete":"SET NULL"}],"columns":[{"name":"id","type":"increments","args":[{"primary":true,"primaryKey":true}],"defaultTo":null,"notNullable":true,"unsigned":false},{"name":"name","type":"string","args":[],"defaultTo":null,"notNullable":false,"unsigned":false},{"name":"path_id","type":"integer","args":[],"defaultTo":null,"notNullable":false,"unsigned":false},{"name":"path","type":"string","args":[],"defaultTo":null,"notNullable":false,"unsigned":false},{"name":"created_at","type":"datetime","args":[{"useTz":false,"precision":6}],"defaultTo":null,"notNullable":false,"unsigned":false},{"name":"updated_at","type":"datetime","args":[{"useTz":false,"precision":6}],"defaultTo":null,"notNullable":false,"unsigned":false},{"name":"created_by_id","type":"integer","args":[],"defaultTo":null,"notNullable":false,"unsigned":true},{"name":"updated_by_id","type":"integer","args":[],"defaultTo":null,"notNullable":false,"unsigned":true}]},{"name":"up_permissions","indexes":[{"name":"up_permissions_created_by_id_fk","columns":["created_by_id"]},{"name":"up_permissions_updated_by_id_fk","columns":["updated_by_id"]}],"foreignKeys":[{"name":"up_permissions_created_by_id_fk","columns":["created_by_id"],"referencedTable":"admin_users","referencedColumns":["id"],"onDelete":"SET NULL"},{"name":"up_permissions_updated_by_id_fk","columns":["updated_by_id"],"referencedTable":"admin_users","referencedColumns":["id"],"onDelete":"SET NULL"}],"columns":[{"name":"id","type":"increments","args":[{"primary":true,"primaryKey":true}],"defaultTo":null,"notNullable":true,"unsigned":false},{"name":"action","type":"string","args":[],"defaultTo":null,"notNullable":false,"unsigned":false},{"name":"created_at","type":"datetime","args":[{"useTz":false,"precision":6}],"defaultTo":null,"notNullable":false,"unsigned":false},{"name":"updated_at","type":"datetime","args":[{"useTz":false,"precision":6}],"defaultTo":null,"notNullable":false,"unsigned":false},{"name":"created_by_id","type":"integer","args":[],"defaultTo":null,"notNullable":false,"unsigned":true},{"name":"updated_by_id","type":"integer","args":[],"defaultTo":null,"notNullable":false,"unsigned":true}]},{"name":"up_roles","indexes":[{"name":"up_roles_created_by_id_fk","columns":["created_by_id"]},{"name":"up_roles_updated_by_id_fk","columns":["updated_by_id"]}],"foreignKeys":[{"name":"up_roles_created_by_id_fk","columns":["created_by_id"],"referencedTable":"admin_users","referencedColumns":["id"],"onDelete":"SET NULL"},{"name":"up_roles_updated_by_id_fk","columns":["updated_by_id"],"referencedTable":"admin_users","referencedColumns":["id"],"onDelete":"SET NULL"}],"columns":[{"name":"id","type":"increments","args":[{"primary":true,"primaryKey":true}],"defaultTo":null,"notNullable":true,"unsigned":false},{"name":"name","type":"string","args":[],"defaultTo":null,"notNullable":false,"unsigned":false},{"name":"description","type":"string","args":[],"defaultTo":null,"notNullable":false,"unsigned":false},{"name":"type","type":"string","args":[],"defaultTo":null,"notNullable":false,"unsigned":false},{"name":"created_at","type":"datetime","args":[{"useTz":false,"precision":6}],"defaultTo":null,"notNullable":false,"unsigned":false},{"name":"updated_at","type":"datetime","args":[{"useTz":false,"precision":6}],"defaultTo":null,"notNullable":false,"unsigned":false},{"name":"created_by_id","type":"integer","args":[],"defaultTo":null,"notNullable":false,"unsigned":true},{"name":"updated_by_id","type":"integer","args":[],"defaultTo":null,"notNullable":false,"unsigned":true}]},{"name":"up_users","indexes":[{"name":"up_users_created_by_id_fk","columns":["created_by_id"]},{"name":"up_users_updated_by_id_fk","columns":["updated_by_id"]}],"foreignKeys":[{"name":"up_users_created_by_id_fk","columns":["created_by_id"],"referencedTable":"admin_users","referencedColumns":["id"],"onDelete":"SET NULL"},{"name":"up_users_updated_by_id_fk","columns":["updated_by_id"],"referencedTable":"admin_users","referencedColumns":["id"],"onDelete":"SET NULL"}],"columns":[{"name":"id","type":"increments","args":[{"primary":true,"primaryKey":true}],"defaultTo":null,"notNullable":true,"unsigned":false},{"name":"username","type":"string","args":[],"defaultTo":null,"notNullable":false,"unsigned":false},{"name":"email","type":"string","args":[],"defaultTo":null,"notNullable":false,"unsigned":false},{"name":"provider","type":"string","args":[],"defaultTo":null,"notNullable":false,"unsigned":false},{"name":"password","type":"string","args":[],"defaultTo":null,"notNullable":false,"unsigned":false},{"name":"reset_password_token","type":"string","args":[],"defaultTo":null,"notNullable":false,"unsigned":false},{"name":"confirmation_token","type":"string","args":[],"defaultTo":null,"notNullable":false,"unsigned":false},{"name":"confirmed","type":"boolean","args":[],"defaultTo":null,"notNullable":false,"unsigned":false},{"name":"blocked","type":"boolean","args":[],"defaultTo":null,"notNullable":false,"unsigned":false},{"name":"created_at","type":"datetime","args":[{"useTz":false,"precision":6}],"defaultTo":null,"notNullable":false,"unsigned":false},{"name":"updated_at","type":"datetime","args":[{"useTz":false,"precision":6}],"defaultTo":null,"notNullable":false,"unsigned":false},{"name":"created_by_id","type":"integer","args":[],"defaultTo":null,"notNullable":false,"unsigned":true},{"name":"updated_by_id","type":"integer","args":[],"defaultTo":null,"notNullable":false,"unsigned":true}]},{"name":"i18n_locale","indexes":[{"name":"i18n_locale_created_by_id_fk","columns":["created_by_id"]},{"name":"i18n_locale_updated_by_id_fk","columns":["updated_by_id"]}],"foreignKeys":[{"name":"i18n_locale_created_by_id_fk","columns":["created_by_id"],"referencedTable":"admin_users","referencedColumns":["id"],"onDelete":"SET NULL"},{"name":"i18n_locale_updated_by_id_fk","columns":["updated_by_id"],"referencedTable":"admin_users","referencedColumns":["id"],"onDelete":"SET NULL"}],"columns":[{"name":"id","type":"increments","args":[{"primary":true,"primaryKey":true}],"defaultTo":null,"notNullable":true,"unsigned":false},{"name":"name","type":"string","args":[],"defaultTo":null,"notNullable":false,"unsigned":false},{"name":"code","type":"string","args":[],"defaultTo":null,"notNullable":false,"unsigned":false},{"name":"created_at","type":"datetime","args":[{"useTz":false,"precision":6}],"defaultTo":null,"notNullable":false,"unsigned":false},{"name":"updated_at","type":"datetime","args":[{"useTz":false,"precision":6}],"defaultTo":null,"notNullable":false,"unsigned":false},{"name":"created_by_id","type":"integer","args":[],"defaultTo":null,"notNullable":false,"unsigned":true},{"name":"updated_by_id","type":"integer","args":[],"defaultTo":null,"notNullable":false,"unsigned":true}]},{"name":"cvs","indexes":[{"name":"cvs_created_by_id_fk","columns":["created_by_id"]},{"name":"cvs_updated_by_id_fk","columns":["updated_by_id"]}],"foreignKeys":[{"name":"cvs_created_by_id_fk","columns":["created_by_id"],"referencedTable":"admin_users","referencedColumns":["id"],"onDelete":"SET NULL"},{"name":"cvs_updated_by_id_fk","columns":["updated_by_id"],"referencedTable":"admin_users","referencedColumns":["id"],"onDelete":"SET NULL"}],"columns":[{"name":"id","type":"increments","args":[{"primary":true,"primaryKey":true}],"defaultTo":null,"notNullable":true,"unsigned":false},{"name":"description","type":"text","args":["longtext"],"defaultTo":null,"notNullable":false,"unsigned":false},{"name":"uuid","type":"string","args":[],"defaultTo":null,"notNullable":false,"unsigned":false},{"name":"created_at","type":"datetime","args":[{"useTz":false,"precision":6}],"defaultTo":null,"notNullable":false,"unsigned":false},{"name":"updated_at","type":"datetime","args":[{"useTz":false,"precision":6}],"defaultTo":null,"notNullable":false,"unsigned":false},{"name":"created_by_id","type":"integer","args":[],"defaultTo":null,"notNullable":false,"unsigned":true},{"name":"updated_by_id","type":"integer","args":[],"defaultTo":null,"notNullable":false,"unsigned":true},{"name":"locale","type":"string","args":[],"defaultTo":null,"notNullable":false,"unsigned":false}]},{"name":"educations","indexes":[{"name":"educations_created_by_id_fk","columns":["created_by_id"]},{"name":"educations_updated_by_id_fk","columns":["updated_by_id"]}],"foreignKeys":[{"name":"educations_created_by_id_fk","columns":["created_by_id"],"referencedTable":"admin_users","referencedColumns":["id"],"onDelete":"SET NULL"},{"name":"educations_updated_by_id_fk","columns":["updated_by_id"],"referencedTable":"admin_users","referencedColumns":["id"],"onDelete":"SET NULL"}],"columns":[{"name":"id","type":"increments","args":[{"primary":true,"primaryKey":true}],"defaultTo":null,"notNullable":true,"unsigned":false},{"name":"degree","type":"string","args":[],"defaultTo":null,"notNullable":false,"unsigned":false},{"name":"year","type":"date","args":[],"defaultTo":null,"notNullable":false,"unsigned":false},{"name":"created_at","type":"datetime","args":[{"useTz":false,"precision":6}],"defaultTo":null,"notNullable":false,"unsigned":false},{"name":"updated_at","type":"datetime","args":[{"useTz":false,"precision":6}],"defaultTo":null,"notNullable":false,"unsigned":false},{"name":"created_by_id","type":"integer","args":[],"defaultTo":null,"notNullable":false,"unsigned":true},{"name":"updated_by_id","type":"integer","args":[],"defaultTo":null,"notNullable":false,"unsigned":true},{"name":"locale","type":"string","args":[],"defaultTo":null,"notNullable":false,"unsigned":false}]},{"name":"experiences","indexes":[{"name":"experiences_created_by_id_fk","columns":["created_by_id"]},{"name":"experiences_updated_by_id_fk","columns":["updated_by_id"]}],"foreignKeys":[{"name":"experiences_created_by_id_fk","columns":["created_by_id"],"referencedTable":"admin_users","referencedColumns":["id"],"onDelete":"SET NULL"},{"name":"experiences_updated_by_id_fk","columns":["updated_by_id"],"referencedTable":"admin_users","referencedColumns":["id"],"onDelete":"SET NULL"}],"columns":[{"name":"id","type":"increments","args":[{"primary":true,"primaryKey":true}],"defaultTo":null,"notNullable":true,"unsigned":false},{"name":"title","type":"string","args":[],"defaultTo":null,"notNullable":false,"unsigned":false},{"name":"description","type":"text","args":["longtext"],"defaultTo":null,"notNullable":false,"unsigned":false},{"name":"start","type":"date","args":[],"defaultTo":null,"notNullable":false,"unsigned":false},{"name":"end","type":"date","args":[],"defaultTo":null,"notNullable":false,"unsigned":false},{"name":"company","type":"string","args":[],"defaultTo":null,"notNullable":false,"unsigned":false},{"name":"technologies","type":"text","args":["longtext"],"defaultTo":null,"notNullable":false,"unsigned":false},{"name":"created_at","type":"datetime","args":[{"useTz":false,"precision":6}],"defaultTo":null,"notNullable":false,"unsigned":false},{"name":"updated_at","type":"datetime","args":[{"useTz":false,"precision":6}],"defaultTo":null,"notNullable":false,"unsigned":false},{"name":"created_by_id","type":"integer","args":[],"defaultTo":null,"notNullable":false,"unsigned":true},{"name":"updated_by_id","type":"integer","args":[],"defaultTo":null,"notNullable":false,"unsigned":true},{"name":"locale","type":"string","args":[],"defaultTo":null,"notNullable":false,"unsigned":false}]},{"name":"languages","indexes":[{"name":"languages_created_by_id_fk","columns":["created_by_id"]},{"name":"languages_updated_by_id_fk","columns":["updated_by_id"]}],"foreignKeys":[{"name":"languages_created_by_id_fk","columns":["created_by_id"],"referencedTable":"admin_users","referencedColumns":["id"],"onDelete":"SET NULL"},{"name":"languages_updated_by_id_fk","columns":["updated_by_id"],"referencedTable":"admin_users","referencedColumns":["id"],"onDelete":"SET NULL"}],"columns":[{"name":"id","type":"increments","args":[{"primary":true,"primaryKey":true}],"defaultTo":null,"notNullable":true,"unsigned":false},{"name":"name","type":"string","args":[],"defaultTo":null,"notNullable":false,"unsigned":false},{"name":"level","type":"string","args":[],"defaultTo":null,"notNullable":false,"unsigned":false},{"name":"level_rate","type":"integer","args":[],"defaultTo":null,"notNullable":false,"unsigned":false},{"name":"created_at","type":"datetime","args":[{"useTz":false,"precision":6}],"defaultTo":null,"notNullable":false,"unsigned":false},{"name":"updated_at","type":"datetime","args":[{"useTz":false,"precision":6}],"defaultTo":null,"notNullable":false,"unsigned":false},{"name":"created_by_id","type":"integer","args":[],"defaultTo":null,"notNullable":false,"unsigned":true},{"name":"updated_by_id","type":"integer","args":[],"defaultTo":null,"notNullable":false,"unsigned":true},{"name":"locale","type":"string","args":[],"defaultTo":null,"notNullable":false,"unsigned":false}]},{"name":"profiles","indexes":[{"name":"profiles_created_by_id_fk","columns":["created_by_id"]},{"name":"profiles_updated_by_id_fk","columns":["updated_by_id"]}],"foreignKeys":[{"name":"profiles_created_by_id_fk","columns":["created_by_id"],"referencedTable":"admin_users","referencedColumns":["id"],"onDelete":"SET NULL"},{"name":"profiles_updated_by_id_fk","columns":["updated_by_id"],"referencedTable":"admin_users","referencedColumns":["id"],"onDelete":"SET NULL"}],"columns":[{"name":"id","type":"increments","args":[{"primary":true,"primaryKey":true}],"defaultTo":null,"notNullable":true,"unsigned":false},{"name":"first_name","type":"string","args":[],"defaultTo":null,"notNullable":false,"unsigned":false},{"name":"last_name","type":"string","args":[],"defaultTo":null,"notNullable":false,"unsigned":false},{"name":"phone","type":"string","args":[],"defaultTo":null,"notNullable":false,"unsigned":false},{"name":"exp","type":"integer","args":[],"defaultTo":null,"notNullable":false,"unsigned":false},{"name":"assets","type":"text","args":["longtext"],"defaultTo":null,"notNullable":false,"unsigned":false},{"name":"title","type":"string","args":[],"defaultTo":null,"notNullable":false,"unsigned":false},{"name":"created_at","type":"datetime","args":[{"useTz":false,"precision":6}],"defaultTo":null,"notNullable":false,"unsigned":false},{"name":"updated_at","type":"datetime","args":[{"useTz":false,"precision":6}],"defaultTo":null,"notNullable":false,"unsigned":false},{"name":"created_by_id","type":"integer","args":[],"defaultTo":null,"notNullable":false,"unsigned":true},{"name":"updated_by_id","type":"integer","args":[],"defaultTo":null,"notNullable":false,"unsigned":true},{"name":"locale","type":"string","args":[],"defaultTo":null,"notNullable":false,"unsigned":false}]},{"name":"admin_permissions_role_links","indexes":[{"name":"admin_permissions_role_links_fk","columns":["permission_id"]},{"name":"admin_permissions_role_links_inv_fk","columns":["role_id"]},{"name":"admin_permissions_role_links_unique","columns":["permission_id","role_id"],"type":"unique"},{"name":"admin_permissions_role_links_order_inv_fk","columns":["permission_order"]}],"foreignKeys":[{"name":"admin_permissions_role_links_fk","columns":["permission_id"],"referencedColumns":["id"],"referencedTable":"admin_permissions","onDelete":"CASCADE"},{"name":"admin_permissions_role_links_inv_fk","columns":["role_id"],"referencedColumns":["id"],"referencedTable":"admin_roles","onDelete":"CASCADE"}],"columns":[{"name":"id","type":"increments","args":[{"primary":true,"primaryKey":true}],"defaultTo":null,"notNullable":true,"unsigned":false},{"name":"permission_id","type":"integer","args":[],"defaultTo":null,"notNullable":false,"unsigned":true},{"name":"role_id","type":"integer","args":[],"defaultTo":null,"notNullable":false,"unsigned":true},{"name":"permission_order","type":"integer","args":[],"defaultTo":null,"notNullable":false,"unsigned":true}]},{"name":"admin_users_roles_links","indexes":[{"name":"admin_users_roles_links_fk","columns":["user_id"]},{"name":"admin_users_roles_links_inv_fk","columns":["role_id"]},{"name":"admin_users_roles_links_unique","columns":["user_id","role_id"],"type":"unique"},{"name":"admin_users_roles_links_order_fk","columns":["role_order"]},{"name":"admin_users_roles_links_order_inv_fk","columns":["user_order"]}],"foreignKeys":[{"name":"admin_users_roles_links_fk","columns":["user_id"],"referencedColumns":["id"],"referencedTable":"admin_users","onDelete":"CASCADE"},{"name":"admin_users_roles_links_inv_fk","columns":["role_id"],"referencedColumns":["id"],"referencedTable":"admin_roles","onDelete":"CASCADE"}],"columns":[{"name":"id","type":"increments","args":[{"primary":true,"primaryKey":true}],"defaultTo":null,"notNullable":true,"unsigned":false},{"name":"user_id","type":"integer","args":[],"defaultTo":null,"notNullable":false,"unsigned":true},{"name":"role_id","type":"integer","args":[],"defaultTo":null,"notNullable":false,"unsigned":true},{"name":"role_order","type":"integer","args":[],"defaultTo":null,"notNullable":false,"unsigned":true},{"name":"user_order","type":"integer","args":[],"defaultTo":null,"notNullable":false,"unsigned":true}]},{"name":"strapi_api_token_permissions_token_links","indexes":[{"name":"strapi_api_token_permissions_token_links_fk","columns":["api_token_permission_id"]},{"name":"strapi_api_token_permissions_token_links_inv_fk","columns":["api_token_id"]},{"name":"strapi_api_token_permissions_token_links_unique","columns":["api_token_permission_id","api_token_id"],"type":"unique"},{"name":"strapi_api_token_permissions_token_links_order_inv_fk","columns":["api_token_permission_order"]}],"foreignKeys":[{"name":"strapi_api_token_permissions_token_links_fk","columns":["api_token_permission_id"],"referencedColumns":["id"],"referencedTable":"strapi_api_token_permissions","onDelete":"CASCADE"},{"name":"strapi_api_token_permissions_token_links_inv_fk","columns":["api_token_id"],"referencedColumns":["id"],"referencedTable":"strapi_api_tokens","onDelete":"CASCADE"}],"columns":[{"name":"id","type":"increments","args":[{"primary":true,"primaryKey":true}],"defaultTo":null,"notNullable":true,"unsigned":false},{"name":"api_token_permission_id","type":"integer","args":[],"defaultTo":null,"notNullable":false,"unsigned":true},{"name":"api_token_id","type":"integer","args":[],"defaultTo":null,"notNullable":false,"unsigned":true},{"name":"api_token_permission_order","type":"integer","args":[],"defaultTo":null,"notNullable":false,"unsigned":true}]},{"name":"files_related_morphs","indexes":[{"name":"files_related_morphs_fk","columns":["file_id"]}],"foreignKeys":[{"name":"files_related_morphs_fk","columns":["file_id"],"referencedColumns":["id"],"referencedTable":"files","onDelete":"CASCADE"}],"columns":[{"name":"id","type":"increments","args":[{"primary":true,"primaryKey":true}],"defaultTo":null,"notNullable":true,"unsigned":false},{"name":"file_id","type":"integer","args":[],"defaultTo":null,"notNullable":false,"unsigned":true},{"name":"related_id","type":"integer","args":[],"defaultTo":null,"notNullable":false,"unsigned":true},{"name":"related_type","type":"string","args":[],"defaultTo":null,"notNullable":false,"unsigned":false},{"name":"field","type":"string","args":[],"defaultTo":null,"notNullable":false,"unsigned":false},{"name":"order","type":"integer","args":[],"defaultTo":null,"notNullable":false,"unsigned":true}]},{"name":"files_folder_links","indexes":[{"name":"files_folder_links_fk","columns":["file_id"]},{"name":"files_folder_links_inv_fk","columns":["folder_id"]},{"name":"files_folder_links_unique","columns":["file_id","folder_id"],"type":"unique"},{"name":"files_folder_links_order_inv_fk","columns":["file_order"]}],"foreignKeys":[{"name":"files_folder_links_fk","columns":["file_id"],"referencedColumns":["id"],"referencedTable":"files","onDelete":"CASCADE"},{"name":"files_folder_links_inv_fk","columns":["folder_id"],"referencedColumns":["id"],"referencedTable":"upload_folders","onDelete":"CASCADE"}],"columns":[{"name":"id","type":"increments","args":[{"primary":true,"primaryKey":true}],"defaultTo":null,"notNullable":true,"unsigned":false},{"name":"file_id","type":"integer","args":[],"defaultTo":null,"notNullable":false,"unsigned":true},{"name":"folder_id","type":"integer","args":[],"defaultTo":null,"notNullable":false,"unsigned":true},{"name":"file_order","type":"integer","args":[],"defaultTo":null,"notNullable":false,"unsigned":true}]},{"name":"upload_folders_parent_links","indexes":[{"name":"upload_folders_parent_links_fk","columns":["folder_id"]},{"name":"upload_folders_parent_links_inv_fk","columns":["inv_folder_id"]},{"name":"upload_folders_parent_links_unique","columns":["folder_id","inv_folder_id"],"type":"unique"},{"name":"upload_folders_parent_links_order_inv_fk","columns":["folder_order"]}],"foreignKeys":[{"name":"upload_folders_parent_links_fk","columns":["folder_id"],"referencedColumns":["id"],"referencedTable":"upload_folders","onDelete":"CASCADE"},{"name":"upload_folders_parent_links_inv_fk","columns":["inv_folder_id"],"referencedColumns":["id"],"referencedTable":"upload_folders","onDelete":"CASCADE"}],"columns":[{"name":"id","type":"increments","args":[{"primary":true,"primaryKey":true}],"defaultTo":null,"notNullable":true,"unsigned":false},{"name":"folder_id","type":"integer","args":[],"defaultTo":null,"notNullable":false,"unsigned":true},{"name":"inv_folder_id","type":"integer","args":[],"defaultTo":null,"notNullable":false,"unsigned":true},{"name":"folder_order","type":"integer","args":[],"defaultTo":null,"notNullable":false,"unsigned":true}]},{"name":"up_permissions_role_links","indexes":[{"name":"up_permissions_role_links_fk","columns":["permission_id"]},{"name":"up_permissions_role_links_inv_fk","columns":["role_id"]},{"name":"up_permissions_role_links_unique","columns":["permission_id","role_id"],"type":"unique"},{"name":"up_permissions_role_links_order_inv_fk","columns":["permission_order"]}],"foreignKeys":[{"name":"up_permissions_role_links_fk","columns":["permission_id"],"referencedColumns":["id"],"referencedTable":"up_permissions","onDelete":"CASCADE"},{"name":"up_permissions_role_links_inv_fk","columns":["role_id"],"referencedColumns":["id"],"referencedTable":"up_roles","onDelete":"CASCADE"}],"columns":[{"name":"id","type":"increments","args":[{"primary":true,"primaryKey":true}],"defaultTo":null,"notNullable":true,"unsigned":false},{"name":"permission_id","type":"integer","args":[],"defaultTo":null,"notNullable":false,"unsigned":true},{"name":"role_id","type":"integer","args":[],"defaultTo":null,"notNullable":false,"unsigned":true},{"name":"permission_order","type":"integer","args":[],"defaultTo":null,"notNullable":false,"unsigned":true}]},{"name":"up_users_role_links","indexes":[{"name":"up_users_role_links_fk","columns":["user_id"]},{"name":"up_users_role_links_inv_fk","columns":["role_id"]},{"name":"up_users_role_links_unique","columns":["user_id","role_id"],"type":"unique"},{"name":"up_users_role_links_order_inv_fk","columns":["user_order"]}],"foreignKeys":[{"name":"up_users_role_links_fk","columns":["user_id"],"referencedColumns":["id"],"referencedTable":"up_users","onDelete":"CASCADE"},{"name":"up_users_role_links_inv_fk","columns":["role_id"],"referencedColumns":["id"],"referencedTable":"up_roles","onDelete":"CASCADE"}],"columns":[{"name":"id","type":"increments","args":[{"primary":true,"primaryKey":true}],"defaultTo":null,"notNullable":true,"unsigned":false},{"name":"user_id","type":"integer","args":[],"defaultTo":null,"notNullable":false,"unsigned":true},{"name":"role_id","type":"integer","args":[],"defaultTo":null,"notNullable":false,"unsigned":true},{"name":"user_order","type":"integer","args":[],"defaultTo":null,"notNullable":false,"unsigned":true}]},{"name":"cvs_profile_links","indexes":[{"name":"cvs_profile_links_fk","columns":["cv_id"]},{"name":"cvs_profile_links_inv_fk","columns":["profile_id"]},{"name":"cvs_profile_links_unique","columns":["cv_id","profile_id"],"type":"unique"},{"name":"cvs_profile_links_order_inv_fk","columns":["cv_order"]}],"foreignKeys":[{"name":"cvs_profile_links_fk","columns":["cv_id"],"referencedColumns":["id"],"referencedTable":"cvs","onDelete":"CASCADE"},{"name":"cvs_profile_links_inv_fk","columns":["profile_id"],"referencedColumns":["id"],"referencedTable":"profiles","onDelete":"CASCADE"}],"columns":[{"name":"id","type":"increments","args":[{"primary":true,"primaryKey":true}],"defaultTo":null,"notNullable":true,"unsigned":false},{"name":"cv_id","type":"integer","args":[],"defaultTo":null,"notNullable":false,"unsigned":true},{"name":"profile_id","type":"integer","args":[],"defaultTo":null,"notNullable":false,"unsigned":true},{"name":"cv_order","type":"integer","args":[],"defaultTo":null,"notNullable":false,"unsigned":true}]},{"name":"cvs_localizations_links","indexes":[{"name":"cvs_localizations_links_fk","columns":["cv_id"]},{"name":"cvs_localizations_links_inv_fk","columns":["inv_cv_id"]},{"name":"cvs_localizations_links_unique","columns":["cv_id","inv_cv_id"],"type":"unique"},{"name":"cvs_localizations_links_order_fk","columns":["cv_order"]}],"foreignKeys":[{"name":"cvs_localizations_links_fk","columns":["cv_id"],"referencedColumns":["id"],"referencedTable":"cvs","onDelete":"CASCADE"},{"name":"cvs_localizations_links_inv_fk","columns":["inv_cv_id"],"referencedColumns":["id"],"referencedTable":"cvs","onDelete":"CASCADE"}],"columns":[{"name":"id","type":"increments","args":[{"primary":true,"primaryKey":true}],"defaultTo":null,"notNullable":true,"unsigned":false},{"name":"cv_id","type":"integer","args":[],"defaultTo":null,"notNullable":false,"unsigned":true},{"name":"inv_cv_id","type":"integer","args":[],"defaultTo":null,"notNullable":false,"unsigned":true},{"name":"cv_order","type":"integer","args":[],"defaultTo":null,"notNullable":false,"unsigned":true}]},{"name":"educations_profile_links","indexes":[{"name":"educations_profile_links_fk","columns":["education_id"]},{"name":"educations_profile_links_inv_fk","columns":["profile_id"]},{"name":"educations_profile_links_unique","columns":["education_id","profile_id"],"type":"unique"},{"name":"educations_profile_links_order_inv_fk","columns":["education_order"]}],"foreignKeys":[{"name":"educations_profile_links_fk","columns":["education_id"],"referencedColumns":["id"],"referencedTable":"educations","onDelete":"CASCADE"},{"name":"educations_profile_links_inv_fk","columns":["profile_id"],"referencedColumns":["id"],"referencedTable":"profiles","onDelete":"CASCADE"}],"columns":[{"name":"id","type":"increments","args":[{"primary":true,"primaryKey":true}],"defaultTo":null,"notNullable":true,"unsigned":false},{"name":"education_id","type":"integer","args":[],"defaultTo":null,"notNullable":false,"unsigned":true},{"name":"profile_id","type":"integer","args":[],"defaultTo":null,"notNullable":false,"unsigned":true},{"name":"education_order","type":"integer","args":[],"defaultTo":null,"notNullable":false,"unsigned":true}]},{"name":"educations_localizations_links","indexes":[{"name":"educations_localizations_links_fk","columns":["education_id"]},{"name":"educations_localizations_links_inv_fk","columns":["inv_education_id"]},{"name":"educations_localizations_links_unique","columns":["education_id","inv_education_id"],"type":"unique"},{"name":"educations_localizations_links_order_fk","columns":["education_order"]}],"foreignKeys":[{"name":"educations_localizations_links_fk","columns":["education_id"],"referencedColumns":["id"],"referencedTable":"educations","onDelete":"CASCADE"},{"name":"educations_localizations_links_inv_fk","columns":["inv_education_id"],"referencedColumns":["id"],"referencedTable":"educations","onDelete":"CASCADE"}],"columns":[{"name":"id","type":"increments","args":[{"primary":true,"primaryKey":true}],"defaultTo":null,"notNullable":true,"unsigned":false},{"name":"education_id","type":"integer","args":[],"defaultTo":null,"notNullable":false,"unsigned":true},{"name":"inv_education_id","type":"integer","args":[],"defaultTo":null,"notNullable":false,"unsigned":true},{"name":"education_order","type":"integer","args":[],"defaultTo":null,"notNullable":false,"unsigned":true}]},{"name":"experiences_profile_links","indexes":[{"name":"experiences_profile_links_fk","columns":["experience_id"]},{"name":"experiences_profile_links_inv_fk","columns":["profile_id"]},{"name":"experiences_profile_links_unique","columns":["experience_id","profile_id"],"type":"unique"},{"name":"experiences_profile_links_order_inv_fk","columns":["experience_order"]}],"foreignKeys":[{"name":"experiences_profile_links_fk","columns":["experience_id"],"referencedColumns":["id"],"referencedTable":"experiences","onDelete":"CASCADE"},{"name":"experiences_profile_links_inv_fk","columns":["profile_id"],"referencedColumns":["id"],"referencedTable":"profiles","onDelete":"CASCADE"}],"columns":[{"name":"id","type":"increments","args":[{"primary":true,"primaryKey":true}],"defaultTo":null,"notNullable":true,"unsigned":false},{"name":"experience_id","type":"integer","args":[],"defaultTo":null,"notNullable":false,"unsigned":true},{"name":"profile_id","type":"integer","args":[],"defaultTo":null,"notNullable":false,"unsigned":true},{"name":"experience_order","type":"integer","args":[],"defaultTo":null,"notNullable":false,"unsigned":true}]},{"name":"experiences_localizations_links","indexes":[{"name":"experiences_localizations_links_fk","columns":["experience_id"]},{"name":"experiences_localizations_links_inv_fk","columns":["inv_experience_id"]},{"name":"experiences_localizations_links_unique","columns":["experience_id","inv_experience_id"],"type":"unique"},{"name":"experiences_localizations_links_order_fk","columns":["experience_order"]}],"foreignKeys":[{"name":"experiences_localizations_links_fk","columns":["experience_id"],"referencedColumns":["id"],"referencedTable":"experiences","onDelete":"CASCADE"},{"name":"experiences_localizations_links_inv_fk","columns":["inv_experience_id"],"referencedColumns":["id"],"referencedTable":"experiences","onDelete":"CASCADE"}],"columns":[{"name":"id","type":"increments","args":[{"primary":true,"primaryKey":true}],"defaultTo":null,"notNullable":true,"unsigned":false},{"name":"experience_id","type":"integer","args":[],"defaultTo":null,"notNullable":false,"unsigned":true},{"name":"inv_experience_id","type":"integer","args":[],"defaultTo":null,"notNullable":false,"unsigned":true},{"name":"experience_order","type":"integer","args":[],"defaultTo":null,"notNullable":false,"unsigned":true}]},{"name":"languages_profiles_links","indexes":[{"name":"languages_profiles_links_fk","columns":["language_id"]},{"name":"languages_profiles_links_inv_fk","columns":["profile_id"]},{"name":"languages_profiles_links_unique","columns":["language_id","profile_id"],"type":"unique"},{"name":"languages_profiles_links_order_fk","columns":["profile_order"]},{"name":"languages_profiles_links_order_inv_fk","columns":["language_order"]}],"foreignKeys":[{"name":"languages_profiles_links_fk","columns":["language_id"],"referencedColumns":["id"],"referencedTable":"languages","onDelete":"CASCADE"},{"name":"languages_profiles_links_inv_fk","columns":["profile_id"],"referencedColumns":["id"],"referencedTable":"profiles","onDelete":"CASCADE"}],"columns":[{"name":"id","type":"increments","args":[{"primary":true,"primaryKey":true}],"defaultTo":null,"notNullable":true,"unsigned":false},{"name":"language_id","type":"integer","args":[],"defaultTo":null,"notNullable":false,"unsigned":true},{"name":"profile_id","type":"integer","args":[],"defaultTo":null,"notNullable":false,"unsigned":true},{"name":"profile_order","type":"integer","args":[],"defaultTo":null,"notNullable":false,"unsigned":true},{"name":"language_order","type":"integer","args":[],"defaultTo":null,"notNullable":false,"unsigned":true}]},{"name":"languages_localizations_links","indexes":[{"name":"languages_localizations_links_fk","columns":["language_id"]},{"name":"languages_localizations_links_inv_fk","columns":["inv_language_id"]},{"name":"languages_localizations_links_unique","columns":["language_id","inv_language_id"],"type":"unique"},{"name":"languages_localizations_links_order_fk","columns":["language_order"]}],"foreignKeys":[{"name":"languages_localizations_links_fk","columns":["language_id"],"referencedColumns":["id"],"referencedTable":"languages","onDelete":"CASCADE"},{"name":"languages_localizations_links_inv_fk","columns":["inv_language_id"],"referencedColumns":["id"],"referencedTable":"languages","onDelete":"CASCADE"}],"columns":[{"name":"id","type":"increments","args":[{"primary":true,"primaryKey":true}],"defaultTo":null,"notNullable":true,"unsigned":false},{"name":"language_id","type":"integer","args":[],"defaultTo":null,"notNullable":false,"unsigned":true},{"name":"inv_language_id","type":"integer","args":[],"defaultTo":null,"notNullable":false,"unsigned":true},{"name":"language_order","type":"integer","args":[],"defaultTo":null,"notNullable":false,"unsigned":true}]},{"name":"profiles_languages_links","indexes":[{"name":"profiles_languages_links_fk","columns":["profile_id"]},{"name":"profiles_languages_links_inv_fk","columns":["language_id"]},{"name":"profiles_languages_links_unique","columns":["profile_id","language_id"],"type":"unique"},{"name":"profiles_languages_links_order_fk","columns":["language_order"]},{"name":"profiles_languages_links_order_inv_fk","columns":["profile_order"]}],"foreignKeys":[{"name":"profiles_languages_links_fk","columns":["profile_id"],"referencedColumns":["id"],"referencedTable":"profiles","onDelete":"CASCADE"},{"name":"profiles_languages_links_inv_fk","columns":["language_id"],"referencedColumns":["id"],"referencedTable":"languages","onDelete":"CASCADE"}],"columns":[{"name":"id","type":"increments","args":[{"primary":true,"primaryKey":true}],"defaultTo":null,"notNullable":true,"unsigned":false},{"name":"profile_id","type":"integer","args":[],"defaultTo":null,"notNullable":false,"unsigned":true},{"name":"language_id","type":"integer","args":[],"defaultTo":null,"notNullable":false,"unsigned":true},{"name":"language_order","type":"integer","args":[],"defaultTo":null,"notNullable":false,"unsigned":true},{"name":"profile_order","type":"integer","args":[],"defaultTo":null,"notNullable":false,"unsigned":true}]},{"name":"profiles_localizations_links","indexes":[{"name":"profiles_localizations_links_fk","columns":["profile_id"]},{"name":"profiles_localizations_links_inv_fk","columns":["inv_profile_id"]},{"name":"profiles_localizations_links_unique","columns":["profile_id","inv_profile_id"],"type":"unique"},{"name":"profiles_localizations_links_order_fk","columns":["profile_order"]}],"foreignKeys":[{"name":"profiles_localizations_links_fk","columns":["profile_id"],"referencedColumns":["id"],"referencedTable":"profiles","onDelete":"CASCADE"},{"name":"profiles_localizations_links_inv_fk","columns":["inv_profile_id"],"referencedColumns":["id"],"referencedTable":"profiles","onDelete":"CASCADE"}],"columns":[{"name":"id","type":"increments","args":[{"primary":true,"primaryKey":true}],"defaultTo":null,"notNullable":true,"unsigned":false},{"name":"profile_id","type":"integer","args":[],"defaultTo":null,"notNullable":false,"unsigned":true},{"name":"inv_profile_id","type":"integer","args":[],"defaultTo":null,"notNullable":false,"unsigned":true},{"name":"profile_order","type":"integer","args":[],"defaultTo":null,"notNullable":false,"unsigned":true}]}]}	2022-12-07 15:35:08.808	6254f9e16cffbd4f1cb8f7c35edf1c57
\.


--
-- Data for Name: strapi_migrations; Type: TABLE DATA; Schema: public; Owner: cvgendb
--

COPY public.strapi_migrations (id, name, "time") FROM stdin;
\.


--
-- Data for Name: strapi_webhooks; Type: TABLE DATA; Schema: public; Owner: cvgendb
--

COPY public.strapi_webhooks (id, name, url, headers, events, enabled) FROM stdin;
\.


--
-- Data for Name: up_permissions; Type: TABLE DATA; Schema: public; Owner: cvgendb
--

COPY public.up_permissions (id, action, created_at, updated_at, created_by_id, updated_by_id) FROM stdin;
1	plugin::users-permissions.user.me	2022-12-07 10:55:55.19	2022-12-07 10:55:55.19	\N	\N
2	plugin::users-permissions.auth.changePassword	2022-12-07 10:55:55.19	2022-12-07 10:55:55.19	\N	\N
3	plugin::users-permissions.auth.callback	2022-12-07 10:55:55.2	2022-12-07 10:55:55.2	\N	\N
4	plugin::users-permissions.auth.connect	2022-12-07 10:55:55.2	2022-12-07 10:55:55.2	\N	\N
5	plugin::users-permissions.auth.forgotPassword	2022-12-07 10:55:55.2	2022-12-07 10:55:55.2	\N	\N
6	plugin::users-permissions.auth.resetPassword	2022-12-07 10:55:55.2	2022-12-07 10:55:55.2	\N	\N
7	plugin::users-permissions.auth.register	2022-12-07 10:55:55.2	2022-12-07 10:55:55.2	\N	\N
8	plugin::users-permissions.auth.sendEmailConfirmation	2022-12-07 10:55:55.2	2022-12-07 10:55:55.2	\N	\N
9	plugin::users-permissions.auth.emailConfirmation	2022-12-07 10:55:55.2	2022-12-07 10:55:55.2	\N	\N
\.


--
-- Data for Name: up_permissions_role_links; Type: TABLE DATA; Schema: public; Owner: cvgendb
--

COPY public.up_permissions_role_links (id, permission_id, role_id, permission_order) FROM stdin;
1	1	1	1
2	2	1	1
3	3	2	1
4	4	2	1
5	5	2	1
6	6	2	1
7	8	2	1
8	7	2	1
9	9	2	1
\.


--
-- Data for Name: up_roles; Type: TABLE DATA; Schema: public; Owner: cvgendb
--

COPY public.up_roles (id, name, description, type, created_at, updated_at, created_by_id, updated_by_id) FROM stdin;
1	Authenticated	Default role given to authenticated user.	authenticated	2022-12-07 10:55:55.177	2022-12-07 10:55:55.177	\N	\N
2	Public	Default role given to unauthenticated user.	public	2022-12-07 10:55:55.183	2022-12-07 10:55:55.183	\N	\N
\.


--
-- Data for Name: up_users; Type: TABLE DATA; Schema: public; Owner: cvgendb
--

COPY public.up_users (id, username, email, provider, password, reset_password_token, confirmation_token, confirmed, blocked, created_at, updated_at, created_by_id, updated_by_id) FROM stdin;
\.


--
-- Data for Name: up_users_role_links; Type: TABLE DATA; Schema: public; Owner: cvgendb
--

COPY public.up_users_role_links (id, user_id, role_id, user_order) FROM stdin;
\.


--
-- Data for Name: upload_folders; Type: TABLE DATA; Schema: public; Owner: cvgendb
--

COPY public.upload_folders (id, name, path_id, path, created_at, updated_at, created_by_id, updated_by_id) FROM stdin;
\.


--
-- Data for Name: upload_folders_parent_links; Type: TABLE DATA; Schema: public; Owner: cvgendb
--

COPY public.upload_folders_parent_links (id, folder_id, inv_folder_id, folder_order) FROM stdin;
\.


--
-- Name: admin_permissions_id_seq; Type: SEQUENCE SET; Schema: public; Owner: cvgendb
--

SELECT pg_catalog.setval('public.admin_permissions_id_seq', 132, true);


--
-- Name: admin_permissions_role_links_id_seq; Type: SEQUENCE SET; Schema: public; Owner: cvgendb
--

SELECT pg_catalog.setval('public.admin_permissions_role_links_id_seq', 148, true);


--
-- Name: admin_roles_id_seq; Type: SEQUENCE SET; Schema: public; Owner: cvgendb
--

SELECT pg_catalog.setval('public.admin_roles_id_seq', 3, true);


--
-- Name: admin_users_id_seq; Type: SEQUENCE SET; Schema: public; Owner: cvgendb
--

SELECT pg_catalog.setval('public.admin_users_id_seq', 2, true);


--
-- Name: admin_users_roles_links_id_seq; Type: SEQUENCE SET; Schema: public; Owner: cvgendb
--

SELECT pg_catalog.setval('public.admin_users_roles_links_id_seq', 2, true);


--
-- Name: cvs_id_seq; Type: SEQUENCE SET; Schema: public; Owner: cvgendb
--

SELECT pg_catalog.setval('public.cvs_id_seq', 2, true);


--
-- Name: cvs_localizations_links_id_seq; Type: SEQUENCE SET; Schema: public; Owner: cvgendb
--

SELECT pg_catalog.setval('public.cvs_localizations_links_id_seq', 2, true);


--
-- Name: cvs_profile_links_id_seq; Type: SEQUENCE SET; Schema: public; Owner: cvgendb
--

SELECT pg_catalog.setval('public.cvs_profile_links_id_seq', 2, true);


--
-- Name: educations_id_seq; Type: SEQUENCE SET; Schema: public; Owner: cvgendb
--

SELECT pg_catalog.setval('public.educations_id_seq', 3, true);


--
-- Name: educations_localizations_links_id_seq; Type: SEQUENCE SET; Schema: public; Owner: cvgendb
--

SELECT pg_catalog.setval('public.educations_localizations_links_id_seq', 1, false);


--
-- Name: educations_profile_links_id_seq; Type: SEQUENCE SET; Schema: public; Owner: cvgendb
--

SELECT pg_catalog.setval('public.educations_profile_links_id_seq', 3, true);


--
-- Name: experiences_id_seq; Type: SEQUENCE SET; Schema: public; Owner: cvgendb
--

SELECT pg_catalog.setval('public.experiences_id_seq', 11, true);


--
-- Name: experiences_localizations_links_id_seq; Type: SEQUENCE SET; Schema: public; Owner: cvgendb
--

SELECT pg_catalog.setval('public.experiences_localizations_links_id_seq', 10, true);


--
-- Name: experiences_profile_links_id_seq; Type: SEQUENCE SET; Schema: public; Owner: cvgendb
--

SELECT pg_catalog.setval('public.experiences_profile_links_id_seq', 6, true);


--
-- Name: files_folder_links_id_seq; Type: SEQUENCE SET; Schema: public; Owner: cvgendb
--

SELECT pg_catalog.setval('public.files_folder_links_id_seq', 1, false);


--
-- Name: files_id_seq; Type: SEQUENCE SET; Schema: public; Owner: cvgendb
--

SELECT pg_catalog.setval('public.files_id_seq', 1, false);


--
-- Name: files_related_morphs_id_seq; Type: SEQUENCE SET; Schema: public; Owner: cvgendb
--

SELECT pg_catalog.setval('public.files_related_morphs_id_seq', 1, false);


--
-- Name: i18n_locale_id_seq; Type: SEQUENCE SET; Schema: public; Owner: cvgendb
--

SELECT pg_catalog.setval('public.i18n_locale_id_seq', 2, true);


--
-- Name: languages_id_seq; Type: SEQUENCE SET; Schema: public; Owner: cvgendb
--

SELECT pg_catalog.setval('public.languages_id_seq', 6, true);


--
-- Name: languages_localizations_links_id_seq; Type: SEQUENCE SET; Schema: public; Owner: cvgendb
--

SELECT pg_catalog.setval('public.languages_localizations_links_id_seq', 6, true);


--
-- Name: languages_profiles_links_id_seq; Type: SEQUENCE SET; Schema: public; Owner: cvgendb
--

SELECT pg_catalog.setval('public.languages_profiles_links_id_seq', 1, false);


--
-- Name: profiles_id_seq; Type: SEQUENCE SET; Schema: public; Owner: cvgendb
--

SELECT pg_catalog.setval('public.profiles_id_seq', 2, true);


--
-- Name: profiles_languages_links_id_seq; Type: SEQUENCE SET; Schema: public; Owner: cvgendb
--

SELECT pg_catalog.setval('public.profiles_languages_links_id_seq', 6, true);


--
-- Name: profiles_localizations_links_id_seq; Type: SEQUENCE SET; Schema: public; Owner: cvgendb
--

SELECT pg_catalog.setval('public.profiles_localizations_links_id_seq', 2, true);


--
-- Name: strapi_api_token_permissions_id_seq; Type: SEQUENCE SET; Schema: public; Owner: cvgendb
--

SELECT pg_catalog.setval('public.strapi_api_token_permissions_id_seq', 1, false);


--
-- Name: strapi_api_token_permissions_token_links_id_seq; Type: SEQUENCE SET; Schema: public; Owner: cvgendb
--

SELECT pg_catalog.setval('public.strapi_api_token_permissions_token_links_id_seq', 1, false);


--
-- Name: strapi_api_tokens_id_seq; Type: SEQUENCE SET; Schema: public; Owner: cvgendb
--

SELECT pg_catalog.setval('public.strapi_api_tokens_id_seq', 1, false);


--
-- Name: strapi_core_store_settings_id_seq; Type: SEQUENCE SET; Schema: public; Owner: cvgendb
--

SELECT pg_catalog.setval('public.strapi_core_store_settings_id_seq', 24, true);


--
-- Name: strapi_database_schema_id_seq; Type: SEQUENCE SET; Schema: public; Owner: cvgendb
--

SELECT pg_catalog.setval('public.strapi_database_schema_id_seq', 17, true);


--
-- Name: strapi_migrations_id_seq; Type: SEQUENCE SET; Schema: public; Owner: cvgendb
--

SELECT pg_catalog.setval('public.strapi_migrations_id_seq', 1, false);


--
-- Name: strapi_webhooks_id_seq; Type: SEQUENCE SET; Schema: public; Owner: cvgendb
--

SELECT pg_catalog.setval('public.strapi_webhooks_id_seq', 1, false);


--
-- Name: up_permissions_id_seq; Type: SEQUENCE SET; Schema: public; Owner: cvgendb
--

SELECT pg_catalog.setval('public.up_permissions_id_seq', 9, true);


--
-- Name: up_permissions_role_links_id_seq; Type: SEQUENCE SET; Schema: public; Owner: cvgendb
--

SELECT pg_catalog.setval('public.up_permissions_role_links_id_seq', 9, true);


--
-- Name: up_roles_id_seq; Type: SEQUENCE SET; Schema: public; Owner: cvgendb
--

SELECT pg_catalog.setval('public.up_roles_id_seq', 2, true);


--
-- Name: up_users_id_seq; Type: SEQUENCE SET; Schema: public; Owner: cvgendb
--

SELECT pg_catalog.setval('public.up_users_id_seq', 1, false);


--
-- Name: up_users_role_links_id_seq; Type: SEQUENCE SET; Schema: public; Owner: cvgendb
--

SELECT pg_catalog.setval('public.up_users_role_links_id_seq', 1, false);


--
-- Name: upload_folders_id_seq; Type: SEQUENCE SET; Schema: public; Owner: cvgendb
--

SELECT pg_catalog.setval('public.upload_folders_id_seq', 1, false);


--
-- Name: upload_folders_parent_links_id_seq; Type: SEQUENCE SET; Schema: public; Owner: cvgendb
--

SELECT pg_catalog.setval('public.upload_folders_parent_links_id_seq', 1, false);


--
-- Name: admin_permissions admin_permissions_pkey; Type: CONSTRAINT; Schema: public; Owner: cvgendb
--

ALTER TABLE ONLY public.admin_permissions
    ADD CONSTRAINT admin_permissions_pkey PRIMARY KEY (id);


--
-- Name: admin_permissions_role_links admin_permissions_role_links_pkey; Type: CONSTRAINT; Schema: public; Owner: cvgendb
--

ALTER TABLE ONLY public.admin_permissions_role_links
    ADD CONSTRAINT admin_permissions_role_links_pkey PRIMARY KEY (id);


--
-- Name: admin_permissions_role_links admin_permissions_role_links_unique; Type: CONSTRAINT; Schema: public; Owner: cvgendb
--

ALTER TABLE ONLY public.admin_permissions_role_links
    ADD CONSTRAINT admin_permissions_role_links_unique UNIQUE (permission_id, role_id);


--
-- Name: admin_roles admin_roles_pkey; Type: CONSTRAINT; Schema: public; Owner: cvgendb
--

ALTER TABLE ONLY public.admin_roles
    ADD CONSTRAINT admin_roles_pkey PRIMARY KEY (id);


--
-- Name: admin_users admin_users_pkey; Type: CONSTRAINT; Schema: public; Owner: cvgendb
--

ALTER TABLE ONLY public.admin_users
    ADD CONSTRAINT admin_users_pkey PRIMARY KEY (id);


--
-- Name: admin_users_roles_links admin_users_roles_links_pkey; Type: CONSTRAINT; Schema: public; Owner: cvgendb
--

ALTER TABLE ONLY public.admin_users_roles_links
    ADD CONSTRAINT admin_users_roles_links_pkey PRIMARY KEY (id);


--
-- Name: admin_users_roles_links admin_users_roles_links_unique; Type: CONSTRAINT; Schema: public; Owner: cvgendb
--

ALTER TABLE ONLY public.admin_users_roles_links
    ADD CONSTRAINT admin_users_roles_links_unique UNIQUE (user_id, role_id);


--
-- Name: cvs_localizations_links cvs_localizations_links_pkey; Type: CONSTRAINT; Schema: public; Owner: cvgendb
--

ALTER TABLE ONLY public.cvs_localizations_links
    ADD CONSTRAINT cvs_localizations_links_pkey PRIMARY KEY (id);


--
-- Name: cvs_localizations_links cvs_localizations_links_unique; Type: CONSTRAINT; Schema: public; Owner: cvgendb
--

ALTER TABLE ONLY public.cvs_localizations_links
    ADD CONSTRAINT cvs_localizations_links_unique UNIQUE (cv_id, inv_cv_id);


--
-- Name: cvs cvs_pkey; Type: CONSTRAINT; Schema: public; Owner: cvgendb
--

ALTER TABLE ONLY public.cvs
    ADD CONSTRAINT cvs_pkey PRIMARY KEY (id);


--
-- Name: cvs_profile_links cvs_profile_links_pkey; Type: CONSTRAINT; Schema: public; Owner: cvgendb
--

ALTER TABLE ONLY public.cvs_profile_links
    ADD CONSTRAINT cvs_profile_links_pkey PRIMARY KEY (id);


--
-- Name: cvs_profile_links cvs_profile_links_unique; Type: CONSTRAINT; Schema: public; Owner: cvgendb
--

ALTER TABLE ONLY public.cvs_profile_links
    ADD CONSTRAINT cvs_profile_links_unique UNIQUE (cv_id, profile_id);


--
-- Name: educations_localizations_links educations_localizations_links_pkey; Type: CONSTRAINT; Schema: public; Owner: cvgendb
--

ALTER TABLE ONLY public.educations_localizations_links
    ADD CONSTRAINT educations_localizations_links_pkey PRIMARY KEY (id);


--
-- Name: educations_localizations_links educations_localizations_links_unique; Type: CONSTRAINT; Schema: public; Owner: cvgendb
--

ALTER TABLE ONLY public.educations_localizations_links
    ADD CONSTRAINT educations_localizations_links_unique UNIQUE (education_id, inv_education_id);


--
-- Name: educations educations_pkey; Type: CONSTRAINT; Schema: public; Owner: cvgendb
--

ALTER TABLE ONLY public.educations
    ADD CONSTRAINT educations_pkey PRIMARY KEY (id);


--
-- Name: educations_profile_links educations_profile_links_pkey; Type: CONSTRAINT; Schema: public; Owner: cvgendb
--

ALTER TABLE ONLY public.educations_profile_links
    ADD CONSTRAINT educations_profile_links_pkey PRIMARY KEY (id);


--
-- Name: educations_profile_links educations_profile_links_unique; Type: CONSTRAINT; Schema: public; Owner: cvgendb
--

ALTER TABLE ONLY public.educations_profile_links
    ADD CONSTRAINT educations_profile_links_unique UNIQUE (education_id, profile_id);


--
-- Name: experiences_localizations_links experiences_localizations_links_pkey; Type: CONSTRAINT; Schema: public; Owner: cvgendb
--

ALTER TABLE ONLY public.experiences_localizations_links
    ADD CONSTRAINT experiences_localizations_links_pkey PRIMARY KEY (id);


--
-- Name: experiences_localizations_links experiences_localizations_links_unique; Type: CONSTRAINT; Schema: public; Owner: cvgendb
--

ALTER TABLE ONLY public.experiences_localizations_links
    ADD CONSTRAINT experiences_localizations_links_unique UNIQUE (experience_id, inv_experience_id);


--
-- Name: experiences experiences_pkey; Type: CONSTRAINT; Schema: public; Owner: cvgendb
--

ALTER TABLE ONLY public.experiences
    ADD CONSTRAINT experiences_pkey PRIMARY KEY (id);


--
-- Name: experiences_profile_links experiences_profile_links_pkey; Type: CONSTRAINT; Schema: public; Owner: cvgendb
--

ALTER TABLE ONLY public.experiences_profile_links
    ADD CONSTRAINT experiences_profile_links_pkey PRIMARY KEY (id);


--
-- Name: experiences_profile_links experiences_profile_links_unique; Type: CONSTRAINT; Schema: public; Owner: cvgendb
--

ALTER TABLE ONLY public.experiences_profile_links
    ADD CONSTRAINT experiences_profile_links_unique UNIQUE (experience_id, profile_id);


--
-- Name: files_folder_links files_folder_links_pkey; Type: CONSTRAINT; Schema: public; Owner: cvgendb
--

ALTER TABLE ONLY public.files_folder_links
    ADD CONSTRAINT files_folder_links_pkey PRIMARY KEY (id);


--
-- Name: files_folder_links files_folder_links_unique; Type: CONSTRAINT; Schema: public; Owner: cvgendb
--

ALTER TABLE ONLY public.files_folder_links
    ADD CONSTRAINT files_folder_links_unique UNIQUE (file_id, folder_id);


--
-- Name: files files_pkey; Type: CONSTRAINT; Schema: public; Owner: cvgendb
--

ALTER TABLE ONLY public.files
    ADD CONSTRAINT files_pkey PRIMARY KEY (id);


--
-- Name: files_related_morphs files_related_morphs_pkey; Type: CONSTRAINT; Schema: public; Owner: cvgendb
--

ALTER TABLE ONLY public.files_related_morphs
    ADD CONSTRAINT files_related_morphs_pkey PRIMARY KEY (id);


--
-- Name: i18n_locale i18n_locale_pkey; Type: CONSTRAINT; Schema: public; Owner: cvgendb
--

ALTER TABLE ONLY public.i18n_locale
    ADD CONSTRAINT i18n_locale_pkey PRIMARY KEY (id);


--
-- Name: languages_localizations_links languages_localizations_links_pkey; Type: CONSTRAINT; Schema: public; Owner: cvgendb
--

ALTER TABLE ONLY public.languages_localizations_links
    ADD CONSTRAINT languages_localizations_links_pkey PRIMARY KEY (id);


--
-- Name: languages_localizations_links languages_localizations_links_unique; Type: CONSTRAINT; Schema: public; Owner: cvgendb
--

ALTER TABLE ONLY public.languages_localizations_links
    ADD CONSTRAINT languages_localizations_links_unique UNIQUE (language_id, inv_language_id);


--
-- Name: languages languages_pkey; Type: CONSTRAINT; Schema: public; Owner: cvgendb
--

ALTER TABLE ONLY public.languages
    ADD CONSTRAINT languages_pkey PRIMARY KEY (id);


--
-- Name: languages_profiles_links languages_profiles_links_pkey; Type: CONSTRAINT; Schema: public; Owner: cvgendb
--

ALTER TABLE ONLY public.languages_profiles_links
    ADD CONSTRAINT languages_profiles_links_pkey PRIMARY KEY (id);


--
-- Name: languages_profiles_links languages_profiles_links_unique; Type: CONSTRAINT; Schema: public; Owner: cvgendb
--

ALTER TABLE ONLY public.languages_profiles_links
    ADD CONSTRAINT languages_profiles_links_unique UNIQUE (language_id, profile_id);


--
-- Name: profiles_languages_links profiles_languages_links_pkey; Type: CONSTRAINT; Schema: public; Owner: cvgendb
--

ALTER TABLE ONLY public.profiles_languages_links
    ADD CONSTRAINT profiles_languages_links_pkey PRIMARY KEY (id);


--
-- Name: profiles_languages_links profiles_languages_links_unique; Type: CONSTRAINT; Schema: public; Owner: cvgendb
--

ALTER TABLE ONLY public.profiles_languages_links
    ADD CONSTRAINT profiles_languages_links_unique UNIQUE (profile_id, language_id);


--
-- Name: profiles_localizations_links profiles_localizations_links_pkey; Type: CONSTRAINT; Schema: public; Owner: cvgendb
--

ALTER TABLE ONLY public.profiles_localizations_links
    ADD CONSTRAINT profiles_localizations_links_pkey PRIMARY KEY (id);


--
-- Name: profiles_localizations_links profiles_localizations_links_unique; Type: CONSTRAINT; Schema: public; Owner: cvgendb
--

ALTER TABLE ONLY public.profiles_localizations_links
    ADD CONSTRAINT profiles_localizations_links_unique UNIQUE (profile_id, inv_profile_id);


--
-- Name: profiles profiles_pkey; Type: CONSTRAINT; Schema: public; Owner: cvgendb
--

ALTER TABLE ONLY public.profiles
    ADD CONSTRAINT profiles_pkey PRIMARY KEY (id);


--
-- Name: strapi_api_token_permissions strapi_api_token_permissions_pkey; Type: CONSTRAINT; Schema: public; Owner: cvgendb
--

ALTER TABLE ONLY public.strapi_api_token_permissions
    ADD CONSTRAINT strapi_api_token_permissions_pkey PRIMARY KEY (id);


--
-- Name: strapi_api_token_permissions_token_links strapi_api_token_permissions_token_links_pkey; Type: CONSTRAINT; Schema: public; Owner: cvgendb
--

ALTER TABLE ONLY public.strapi_api_token_permissions_token_links
    ADD CONSTRAINT strapi_api_token_permissions_token_links_pkey PRIMARY KEY (id);


--
-- Name: strapi_api_token_permissions_token_links strapi_api_token_permissions_token_links_unique; Type: CONSTRAINT; Schema: public; Owner: cvgendb
--

ALTER TABLE ONLY public.strapi_api_token_permissions_token_links
    ADD CONSTRAINT strapi_api_token_permissions_token_links_unique UNIQUE (api_token_permission_id, api_token_id);


--
-- Name: strapi_api_tokens strapi_api_tokens_pkey; Type: CONSTRAINT; Schema: public; Owner: cvgendb
--

ALTER TABLE ONLY public.strapi_api_tokens
    ADD CONSTRAINT strapi_api_tokens_pkey PRIMARY KEY (id);


--
-- Name: strapi_core_store_settings strapi_core_store_settings_pkey; Type: CONSTRAINT; Schema: public; Owner: cvgendb
--

ALTER TABLE ONLY public.strapi_core_store_settings
    ADD CONSTRAINT strapi_core_store_settings_pkey PRIMARY KEY (id);


--
-- Name: strapi_database_schema strapi_database_schema_pkey; Type: CONSTRAINT; Schema: public; Owner: cvgendb
--

ALTER TABLE ONLY public.strapi_database_schema
    ADD CONSTRAINT strapi_database_schema_pkey PRIMARY KEY (id);


--
-- Name: strapi_migrations strapi_migrations_pkey; Type: CONSTRAINT; Schema: public; Owner: cvgendb
--

ALTER TABLE ONLY public.strapi_migrations
    ADD CONSTRAINT strapi_migrations_pkey PRIMARY KEY (id);


--
-- Name: strapi_webhooks strapi_webhooks_pkey; Type: CONSTRAINT; Schema: public; Owner: cvgendb
--

ALTER TABLE ONLY public.strapi_webhooks
    ADD CONSTRAINT strapi_webhooks_pkey PRIMARY KEY (id);


--
-- Name: up_permissions up_permissions_pkey; Type: CONSTRAINT; Schema: public; Owner: cvgendb
--

ALTER TABLE ONLY public.up_permissions
    ADD CONSTRAINT up_permissions_pkey PRIMARY KEY (id);


--
-- Name: up_permissions_role_links up_permissions_role_links_pkey; Type: CONSTRAINT; Schema: public; Owner: cvgendb
--

ALTER TABLE ONLY public.up_permissions_role_links
    ADD CONSTRAINT up_permissions_role_links_pkey PRIMARY KEY (id);


--
-- Name: up_permissions_role_links up_permissions_role_links_unique; Type: CONSTRAINT; Schema: public; Owner: cvgendb
--

ALTER TABLE ONLY public.up_permissions_role_links
    ADD CONSTRAINT up_permissions_role_links_unique UNIQUE (permission_id, role_id);


--
-- Name: up_roles up_roles_pkey; Type: CONSTRAINT; Schema: public; Owner: cvgendb
--

ALTER TABLE ONLY public.up_roles
    ADD CONSTRAINT up_roles_pkey PRIMARY KEY (id);


--
-- Name: up_users up_users_pkey; Type: CONSTRAINT; Schema: public; Owner: cvgendb
--

ALTER TABLE ONLY public.up_users
    ADD CONSTRAINT up_users_pkey PRIMARY KEY (id);


--
-- Name: up_users_role_links up_users_role_links_pkey; Type: CONSTRAINT; Schema: public; Owner: cvgendb
--

ALTER TABLE ONLY public.up_users_role_links
    ADD CONSTRAINT up_users_role_links_pkey PRIMARY KEY (id);


--
-- Name: up_users_role_links up_users_role_links_unique; Type: CONSTRAINT; Schema: public; Owner: cvgendb
--

ALTER TABLE ONLY public.up_users_role_links
    ADD CONSTRAINT up_users_role_links_unique UNIQUE (user_id, role_id);


--
-- Name: upload_folders_parent_links upload_folders_parent_links_pkey; Type: CONSTRAINT; Schema: public; Owner: cvgendb
--

ALTER TABLE ONLY public.upload_folders_parent_links
    ADD CONSTRAINT upload_folders_parent_links_pkey PRIMARY KEY (id);


--
-- Name: upload_folders_parent_links upload_folders_parent_links_unique; Type: CONSTRAINT; Schema: public; Owner: cvgendb
--

ALTER TABLE ONLY public.upload_folders_parent_links
    ADD CONSTRAINT upload_folders_parent_links_unique UNIQUE (folder_id, inv_folder_id);


--
-- Name: upload_folders upload_folders_path_id_index; Type: CONSTRAINT; Schema: public; Owner: cvgendb
--

ALTER TABLE ONLY public.upload_folders
    ADD CONSTRAINT upload_folders_path_id_index UNIQUE (path_id);


--
-- Name: upload_folders upload_folders_path_index; Type: CONSTRAINT; Schema: public; Owner: cvgendb
--

ALTER TABLE ONLY public.upload_folders
    ADD CONSTRAINT upload_folders_path_index UNIQUE (path);


--
-- Name: upload_folders upload_folders_pkey; Type: CONSTRAINT; Schema: public; Owner: cvgendb
--

ALTER TABLE ONLY public.upload_folders
    ADD CONSTRAINT upload_folders_pkey PRIMARY KEY (id);


--
-- Name: admin_permissions_created_by_id_fk; Type: INDEX; Schema: public; Owner: cvgendb
--

CREATE INDEX admin_permissions_created_by_id_fk ON public.admin_permissions USING btree (created_by_id);


--
-- Name: admin_permissions_role_links_fk; Type: INDEX; Schema: public; Owner: cvgendb
--

CREATE INDEX admin_permissions_role_links_fk ON public.admin_permissions_role_links USING btree (permission_id);


--
-- Name: admin_permissions_role_links_inv_fk; Type: INDEX; Schema: public; Owner: cvgendb
--

CREATE INDEX admin_permissions_role_links_inv_fk ON public.admin_permissions_role_links USING btree (role_id);


--
-- Name: admin_permissions_role_links_order_inv_fk; Type: INDEX; Schema: public; Owner: cvgendb
--

CREATE INDEX admin_permissions_role_links_order_inv_fk ON public.admin_permissions_role_links USING btree (permission_order);


--
-- Name: admin_permissions_updated_by_id_fk; Type: INDEX; Schema: public; Owner: cvgendb
--

CREATE INDEX admin_permissions_updated_by_id_fk ON public.admin_permissions USING btree (updated_by_id);


--
-- Name: admin_roles_created_by_id_fk; Type: INDEX; Schema: public; Owner: cvgendb
--

CREATE INDEX admin_roles_created_by_id_fk ON public.admin_roles USING btree (created_by_id);


--
-- Name: admin_roles_updated_by_id_fk; Type: INDEX; Schema: public; Owner: cvgendb
--

CREATE INDEX admin_roles_updated_by_id_fk ON public.admin_roles USING btree (updated_by_id);


--
-- Name: admin_users_created_by_id_fk; Type: INDEX; Schema: public; Owner: cvgendb
--

CREATE INDEX admin_users_created_by_id_fk ON public.admin_users USING btree (created_by_id);


--
-- Name: admin_users_roles_links_fk; Type: INDEX; Schema: public; Owner: cvgendb
--

CREATE INDEX admin_users_roles_links_fk ON public.admin_users_roles_links USING btree (user_id);


--
-- Name: admin_users_roles_links_inv_fk; Type: INDEX; Schema: public; Owner: cvgendb
--

CREATE INDEX admin_users_roles_links_inv_fk ON public.admin_users_roles_links USING btree (role_id);


--
-- Name: admin_users_roles_links_order_fk; Type: INDEX; Schema: public; Owner: cvgendb
--

CREATE INDEX admin_users_roles_links_order_fk ON public.admin_users_roles_links USING btree (role_order);


--
-- Name: admin_users_roles_links_order_inv_fk; Type: INDEX; Schema: public; Owner: cvgendb
--

CREATE INDEX admin_users_roles_links_order_inv_fk ON public.admin_users_roles_links USING btree (user_order);


--
-- Name: admin_users_updated_by_id_fk; Type: INDEX; Schema: public; Owner: cvgendb
--

CREATE INDEX admin_users_updated_by_id_fk ON public.admin_users USING btree (updated_by_id);


--
-- Name: cvs_created_by_id_fk; Type: INDEX; Schema: public; Owner: cvgendb
--

CREATE INDEX cvs_created_by_id_fk ON public.cvs USING btree (created_by_id);


--
-- Name: cvs_localizations_links_fk; Type: INDEX; Schema: public; Owner: cvgendb
--

CREATE INDEX cvs_localizations_links_fk ON public.cvs_localizations_links USING btree (cv_id);


--
-- Name: cvs_localizations_links_inv_fk; Type: INDEX; Schema: public; Owner: cvgendb
--

CREATE INDEX cvs_localizations_links_inv_fk ON public.cvs_localizations_links USING btree (inv_cv_id);


--
-- Name: cvs_localizations_links_order_fk; Type: INDEX; Schema: public; Owner: cvgendb
--

CREATE INDEX cvs_localizations_links_order_fk ON public.cvs_localizations_links USING btree (cv_order);


--
-- Name: cvs_profile_links_fk; Type: INDEX; Schema: public; Owner: cvgendb
--

CREATE INDEX cvs_profile_links_fk ON public.cvs_profile_links USING btree (cv_id);


--
-- Name: cvs_profile_links_inv_fk; Type: INDEX; Schema: public; Owner: cvgendb
--

CREATE INDEX cvs_profile_links_inv_fk ON public.cvs_profile_links USING btree (profile_id);


--
-- Name: cvs_profile_links_order_inv_fk; Type: INDEX; Schema: public; Owner: cvgendb
--

CREATE INDEX cvs_profile_links_order_inv_fk ON public.cvs_profile_links USING btree (cv_order);


--
-- Name: cvs_updated_by_id_fk; Type: INDEX; Schema: public; Owner: cvgendb
--

CREATE INDEX cvs_updated_by_id_fk ON public.cvs USING btree (updated_by_id);


--
-- Name: educations_created_by_id_fk; Type: INDEX; Schema: public; Owner: cvgendb
--

CREATE INDEX educations_created_by_id_fk ON public.educations USING btree (created_by_id);


--
-- Name: educations_localizations_links_fk; Type: INDEX; Schema: public; Owner: cvgendb
--

CREATE INDEX educations_localizations_links_fk ON public.educations_localizations_links USING btree (education_id);


--
-- Name: educations_localizations_links_inv_fk; Type: INDEX; Schema: public; Owner: cvgendb
--

CREATE INDEX educations_localizations_links_inv_fk ON public.educations_localizations_links USING btree (inv_education_id);


--
-- Name: educations_localizations_links_order_fk; Type: INDEX; Schema: public; Owner: cvgendb
--

CREATE INDEX educations_localizations_links_order_fk ON public.educations_localizations_links USING btree (education_order);


--
-- Name: educations_profile_links_fk; Type: INDEX; Schema: public; Owner: cvgendb
--

CREATE INDEX educations_profile_links_fk ON public.educations_profile_links USING btree (education_id);


--
-- Name: educations_profile_links_inv_fk; Type: INDEX; Schema: public; Owner: cvgendb
--

CREATE INDEX educations_profile_links_inv_fk ON public.educations_profile_links USING btree (profile_id);


--
-- Name: educations_profile_links_order_inv_fk; Type: INDEX; Schema: public; Owner: cvgendb
--

CREATE INDEX educations_profile_links_order_inv_fk ON public.educations_profile_links USING btree (education_order);


--
-- Name: educations_updated_by_id_fk; Type: INDEX; Schema: public; Owner: cvgendb
--

CREATE INDEX educations_updated_by_id_fk ON public.educations USING btree (updated_by_id);


--
-- Name: experiences_created_by_id_fk; Type: INDEX; Schema: public; Owner: cvgendb
--

CREATE INDEX experiences_created_by_id_fk ON public.experiences USING btree (created_by_id);


--
-- Name: experiences_localizations_links_fk; Type: INDEX; Schema: public; Owner: cvgendb
--

CREATE INDEX experiences_localizations_links_fk ON public.experiences_localizations_links USING btree (experience_id);


--
-- Name: experiences_localizations_links_inv_fk; Type: INDEX; Schema: public; Owner: cvgendb
--

CREATE INDEX experiences_localizations_links_inv_fk ON public.experiences_localizations_links USING btree (inv_experience_id);


--
-- Name: experiences_localizations_links_order_fk; Type: INDEX; Schema: public; Owner: cvgendb
--

CREATE INDEX experiences_localizations_links_order_fk ON public.experiences_localizations_links USING btree (experience_order);


--
-- Name: experiences_profile_links_fk; Type: INDEX; Schema: public; Owner: cvgendb
--

CREATE INDEX experiences_profile_links_fk ON public.experiences_profile_links USING btree (experience_id);


--
-- Name: experiences_profile_links_inv_fk; Type: INDEX; Schema: public; Owner: cvgendb
--

CREATE INDEX experiences_profile_links_inv_fk ON public.experiences_profile_links USING btree (profile_id);


--
-- Name: experiences_profile_links_order_inv_fk; Type: INDEX; Schema: public; Owner: cvgendb
--

CREATE INDEX experiences_profile_links_order_inv_fk ON public.experiences_profile_links USING btree (experience_order);


--
-- Name: experiences_updated_by_id_fk; Type: INDEX; Schema: public; Owner: cvgendb
--

CREATE INDEX experiences_updated_by_id_fk ON public.experiences USING btree (updated_by_id);


--
-- Name: files_created_by_id_fk; Type: INDEX; Schema: public; Owner: cvgendb
--

CREATE INDEX files_created_by_id_fk ON public.files USING btree (created_by_id);


--
-- Name: files_folder_links_fk; Type: INDEX; Schema: public; Owner: cvgendb
--

CREATE INDEX files_folder_links_fk ON public.files_folder_links USING btree (file_id);


--
-- Name: files_folder_links_inv_fk; Type: INDEX; Schema: public; Owner: cvgendb
--

CREATE INDEX files_folder_links_inv_fk ON public.files_folder_links USING btree (folder_id);


--
-- Name: files_folder_links_order_inv_fk; Type: INDEX; Schema: public; Owner: cvgendb
--

CREATE INDEX files_folder_links_order_inv_fk ON public.files_folder_links USING btree (file_order);


--
-- Name: files_related_morphs_fk; Type: INDEX; Schema: public; Owner: cvgendb
--

CREATE INDEX files_related_morphs_fk ON public.files_related_morphs USING btree (file_id);


--
-- Name: files_updated_by_id_fk; Type: INDEX; Schema: public; Owner: cvgendb
--

CREATE INDEX files_updated_by_id_fk ON public.files USING btree (updated_by_id);


--
-- Name: i18n_locale_created_by_id_fk; Type: INDEX; Schema: public; Owner: cvgendb
--

CREATE INDEX i18n_locale_created_by_id_fk ON public.i18n_locale USING btree (created_by_id);


--
-- Name: i18n_locale_updated_by_id_fk; Type: INDEX; Schema: public; Owner: cvgendb
--

CREATE INDEX i18n_locale_updated_by_id_fk ON public.i18n_locale USING btree (updated_by_id);


--
-- Name: languages_created_by_id_fk; Type: INDEX; Schema: public; Owner: cvgendb
--

CREATE INDEX languages_created_by_id_fk ON public.languages USING btree (created_by_id);


--
-- Name: languages_localizations_links_fk; Type: INDEX; Schema: public; Owner: cvgendb
--

CREATE INDEX languages_localizations_links_fk ON public.languages_localizations_links USING btree (language_id);


--
-- Name: languages_localizations_links_inv_fk; Type: INDEX; Schema: public; Owner: cvgendb
--

CREATE INDEX languages_localizations_links_inv_fk ON public.languages_localizations_links USING btree (inv_language_id);


--
-- Name: languages_localizations_links_order_fk; Type: INDEX; Schema: public; Owner: cvgendb
--

CREATE INDEX languages_localizations_links_order_fk ON public.languages_localizations_links USING btree (language_order);


--
-- Name: languages_profiles_links_fk; Type: INDEX; Schema: public; Owner: cvgendb
--

CREATE INDEX languages_profiles_links_fk ON public.languages_profiles_links USING btree (language_id);


--
-- Name: languages_profiles_links_inv_fk; Type: INDEX; Schema: public; Owner: cvgendb
--

CREATE INDEX languages_profiles_links_inv_fk ON public.languages_profiles_links USING btree (profile_id);


--
-- Name: languages_profiles_links_order_fk; Type: INDEX; Schema: public; Owner: cvgendb
--

CREATE INDEX languages_profiles_links_order_fk ON public.languages_profiles_links USING btree (profile_order);


--
-- Name: languages_profiles_links_order_inv_fk; Type: INDEX; Schema: public; Owner: cvgendb
--

CREATE INDEX languages_profiles_links_order_inv_fk ON public.languages_profiles_links USING btree (language_order);


--
-- Name: languages_updated_by_id_fk; Type: INDEX; Schema: public; Owner: cvgendb
--

CREATE INDEX languages_updated_by_id_fk ON public.languages USING btree (updated_by_id);


--
-- Name: profiles_created_by_id_fk; Type: INDEX; Schema: public; Owner: cvgendb
--

CREATE INDEX profiles_created_by_id_fk ON public.profiles USING btree (created_by_id);


--
-- Name: profiles_languages_links_fk; Type: INDEX; Schema: public; Owner: cvgendb
--

CREATE INDEX profiles_languages_links_fk ON public.profiles_languages_links USING btree (profile_id);


--
-- Name: profiles_languages_links_inv_fk; Type: INDEX; Schema: public; Owner: cvgendb
--

CREATE INDEX profiles_languages_links_inv_fk ON public.profiles_languages_links USING btree (language_id);


--
-- Name: profiles_languages_links_order_fk; Type: INDEX; Schema: public; Owner: cvgendb
--

CREATE INDEX profiles_languages_links_order_fk ON public.profiles_languages_links USING btree (language_order);


--
-- Name: profiles_languages_links_order_inv_fk; Type: INDEX; Schema: public; Owner: cvgendb
--

CREATE INDEX profiles_languages_links_order_inv_fk ON public.profiles_languages_links USING btree (profile_order);


--
-- Name: profiles_localizations_links_fk; Type: INDEX; Schema: public; Owner: cvgendb
--

CREATE INDEX profiles_localizations_links_fk ON public.profiles_localizations_links USING btree (profile_id);


--
-- Name: profiles_localizations_links_inv_fk; Type: INDEX; Schema: public; Owner: cvgendb
--

CREATE INDEX profiles_localizations_links_inv_fk ON public.profiles_localizations_links USING btree (inv_profile_id);


--
-- Name: profiles_localizations_links_order_fk; Type: INDEX; Schema: public; Owner: cvgendb
--

CREATE INDEX profiles_localizations_links_order_fk ON public.profiles_localizations_links USING btree (profile_order);


--
-- Name: profiles_updated_by_id_fk; Type: INDEX; Schema: public; Owner: cvgendb
--

CREATE INDEX profiles_updated_by_id_fk ON public.profiles USING btree (updated_by_id);


--
-- Name: strapi_api_token_permissions_created_by_id_fk; Type: INDEX; Schema: public; Owner: cvgendb
--

CREATE INDEX strapi_api_token_permissions_created_by_id_fk ON public.strapi_api_token_permissions USING btree (created_by_id);


--
-- Name: strapi_api_token_permissions_token_links_fk; Type: INDEX; Schema: public; Owner: cvgendb
--

CREATE INDEX strapi_api_token_permissions_token_links_fk ON public.strapi_api_token_permissions_token_links USING btree (api_token_permission_id);


--
-- Name: strapi_api_token_permissions_token_links_inv_fk; Type: INDEX; Schema: public; Owner: cvgendb
--

CREATE INDEX strapi_api_token_permissions_token_links_inv_fk ON public.strapi_api_token_permissions_token_links USING btree (api_token_id);


--
-- Name: strapi_api_token_permissions_token_links_order_inv_fk; Type: INDEX; Schema: public; Owner: cvgendb
--

CREATE INDEX strapi_api_token_permissions_token_links_order_inv_fk ON public.strapi_api_token_permissions_token_links USING btree (api_token_permission_order);


--
-- Name: strapi_api_token_permissions_updated_by_id_fk; Type: INDEX; Schema: public; Owner: cvgendb
--

CREATE INDEX strapi_api_token_permissions_updated_by_id_fk ON public.strapi_api_token_permissions USING btree (updated_by_id);


--
-- Name: strapi_api_tokens_created_by_id_fk; Type: INDEX; Schema: public; Owner: cvgendb
--

CREATE INDEX strapi_api_tokens_created_by_id_fk ON public.strapi_api_tokens USING btree (created_by_id);


--
-- Name: strapi_api_tokens_updated_by_id_fk; Type: INDEX; Schema: public; Owner: cvgendb
--

CREATE INDEX strapi_api_tokens_updated_by_id_fk ON public.strapi_api_tokens USING btree (updated_by_id);


--
-- Name: up_permissions_created_by_id_fk; Type: INDEX; Schema: public; Owner: cvgendb
--

CREATE INDEX up_permissions_created_by_id_fk ON public.up_permissions USING btree (created_by_id);


--
-- Name: up_permissions_role_links_fk; Type: INDEX; Schema: public; Owner: cvgendb
--

CREATE INDEX up_permissions_role_links_fk ON public.up_permissions_role_links USING btree (permission_id);


--
-- Name: up_permissions_role_links_inv_fk; Type: INDEX; Schema: public; Owner: cvgendb
--

CREATE INDEX up_permissions_role_links_inv_fk ON public.up_permissions_role_links USING btree (role_id);


--
-- Name: up_permissions_role_links_order_inv_fk; Type: INDEX; Schema: public; Owner: cvgendb
--

CREATE INDEX up_permissions_role_links_order_inv_fk ON public.up_permissions_role_links USING btree (permission_order);


--
-- Name: up_permissions_updated_by_id_fk; Type: INDEX; Schema: public; Owner: cvgendb
--

CREATE INDEX up_permissions_updated_by_id_fk ON public.up_permissions USING btree (updated_by_id);


--
-- Name: up_roles_created_by_id_fk; Type: INDEX; Schema: public; Owner: cvgendb
--

CREATE INDEX up_roles_created_by_id_fk ON public.up_roles USING btree (created_by_id);


--
-- Name: up_roles_updated_by_id_fk; Type: INDEX; Schema: public; Owner: cvgendb
--

CREATE INDEX up_roles_updated_by_id_fk ON public.up_roles USING btree (updated_by_id);


--
-- Name: up_users_created_by_id_fk; Type: INDEX; Schema: public; Owner: cvgendb
--

CREATE INDEX up_users_created_by_id_fk ON public.up_users USING btree (created_by_id);


--
-- Name: up_users_role_links_fk; Type: INDEX; Schema: public; Owner: cvgendb
--

CREATE INDEX up_users_role_links_fk ON public.up_users_role_links USING btree (user_id);


--
-- Name: up_users_role_links_inv_fk; Type: INDEX; Schema: public; Owner: cvgendb
--

CREATE INDEX up_users_role_links_inv_fk ON public.up_users_role_links USING btree (role_id);


--
-- Name: up_users_role_links_order_inv_fk; Type: INDEX; Schema: public; Owner: cvgendb
--

CREATE INDEX up_users_role_links_order_inv_fk ON public.up_users_role_links USING btree (user_order);


--
-- Name: up_users_updated_by_id_fk; Type: INDEX; Schema: public; Owner: cvgendb
--

CREATE INDEX up_users_updated_by_id_fk ON public.up_users USING btree (updated_by_id);


--
-- Name: upload_files_folder_path_index; Type: INDEX; Schema: public; Owner: cvgendb
--

CREATE INDEX upload_files_folder_path_index ON public.files USING btree (folder_path);


--
-- Name: upload_folders_created_by_id_fk; Type: INDEX; Schema: public; Owner: cvgendb
--

CREATE INDEX upload_folders_created_by_id_fk ON public.upload_folders USING btree (created_by_id);


--
-- Name: upload_folders_parent_links_fk; Type: INDEX; Schema: public; Owner: cvgendb
--

CREATE INDEX upload_folders_parent_links_fk ON public.upload_folders_parent_links USING btree (folder_id);


--
-- Name: upload_folders_parent_links_inv_fk; Type: INDEX; Schema: public; Owner: cvgendb
--

CREATE INDEX upload_folders_parent_links_inv_fk ON public.upload_folders_parent_links USING btree (inv_folder_id);


--
-- Name: upload_folders_parent_links_order_inv_fk; Type: INDEX; Schema: public; Owner: cvgendb
--

CREATE INDEX upload_folders_parent_links_order_inv_fk ON public.upload_folders_parent_links USING btree (folder_order);


--
-- Name: upload_folders_updated_by_id_fk; Type: INDEX; Schema: public; Owner: cvgendb
--

CREATE INDEX upload_folders_updated_by_id_fk ON public.upload_folders USING btree (updated_by_id);


--
-- Name: admin_permissions admin_permissions_created_by_id_fk; Type: FK CONSTRAINT; Schema: public; Owner: cvgendb
--

ALTER TABLE ONLY public.admin_permissions
    ADD CONSTRAINT admin_permissions_created_by_id_fk FOREIGN KEY (created_by_id) REFERENCES public.admin_users(id) ON DELETE SET NULL;


--
-- Name: admin_permissions_role_links admin_permissions_role_links_fk; Type: FK CONSTRAINT; Schema: public; Owner: cvgendb
--

ALTER TABLE ONLY public.admin_permissions_role_links
    ADD CONSTRAINT admin_permissions_role_links_fk FOREIGN KEY (permission_id) REFERENCES public.admin_permissions(id) ON DELETE CASCADE;


--
-- Name: admin_permissions_role_links admin_permissions_role_links_inv_fk; Type: FK CONSTRAINT; Schema: public; Owner: cvgendb
--

ALTER TABLE ONLY public.admin_permissions_role_links
    ADD CONSTRAINT admin_permissions_role_links_inv_fk FOREIGN KEY (role_id) REFERENCES public.admin_roles(id) ON DELETE CASCADE;


--
-- Name: admin_permissions admin_permissions_updated_by_id_fk; Type: FK CONSTRAINT; Schema: public; Owner: cvgendb
--

ALTER TABLE ONLY public.admin_permissions
    ADD CONSTRAINT admin_permissions_updated_by_id_fk FOREIGN KEY (updated_by_id) REFERENCES public.admin_users(id) ON DELETE SET NULL;


--
-- Name: admin_roles admin_roles_created_by_id_fk; Type: FK CONSTRAINT; Schema: public; Owner: cvgendb
--

ALTER TABLE ONLY public.admin_roles
    ADD CONSTRAINT admin_roles_created_by_id_fk FOREIGN KEY (created_by_id) REFERENCES public.admin_users(id) ON DELETE SET NULL;


--
-- Name: admin_roles admin_roles_updated_by_id_fk; Type: FK CONSTRAINT; Schema: public; Owner: cvgendb
--

ALTER TABLE ONLY public.admin_roles
    ADD CONSTRAINT admin_roles_updated_by_id_fk FOREIGN KEY (updated_by_id) REFERENCES public.admin_users(id) ON DELETE SET NULL;


--
-- Name: admin_users admin_users_created_by_id_fk; Type: FK CONSTRAINT; Schema: public; Owner: cvgendb
--

ALTER TABLE ONLY public.admin_users
    ADD CONSTRAINT admin_users_created_by_id_fk FOREIGN KEY (created_by_id) REFERENCES public.admin_users(id) ON DELETE SET NULL;


--
-- Name: admin_users_roles_links admin_users_roles_links_fk; Type: FK CONSTRAINT; Schema: public; Owner: cvgendb
--

ALTER TABLE ONLY public.admin_users_roles_links
    ADD CONSTRAINT admin_users_roles_links_fk FOREIGN KEY (user_id) REFERENCES public.admin_users(id) ON DELETE CASCADE;


--
-- Name: admin_users_roles_links admin_users_roles_links_inv_fk; Type: FK CONSTRAINT; Schema: public; Owner: cvgendb
--

ALTER TABLE ONLY public.admin_users_roles_links
    ADD CONSTRAINT admin_users_roles_links_inv_fk FOREIGN KEY (role_id) REFERENCES public.admin_roles(id) ON DELETE CASCADE;


--
-- Name: admin_users admin_users_updated_by_id_fk; Type: FK CONSTRAINT; Schema: public; Owner: cvgendb
--

ALTER TABLE ONLY public.admin_users
    ADD CONSTRAINT admin_users_updated_by_id_fk FOREIGN KEY (updated_by_id) REFERENCES public.admin_users(id) ON DELETE SET NULL;


--
-- Name: cvs cvs_created_by_id_fk; Type: FK CONSTRAINT; Schema: public; Owner: cvgendb
--

ALTER TABLE ONLY public.cvs
    ADD CONSTRAINT cvs_created_by_id_fk FOREIGN KEY (created_by_id) REFERENCES public.admin_users(id) ON DELETE SET NULL;


--
-- Name: cvs_localizations_links cvs_localizations_links_fk; Type: FK CONSTRAINT; Schema: public; Owner: cvgendb
--

ALTER TABLE ONLY public.cvs_localizations_links
    ADD CONSTRAINT cvs_localizations_links_fk FOREIGN KEY (cv_id) REFERENCES public.cvs(id) ON DELETE CASCADE;


--
-- Name: cvs_localizations_links cvs_localizations_links_inv_fk; Type: FK CONSTRAINT; Schema: public; Owner: cvgendb
--

ALTER TABLE ONLY public.cvs_localizations_links
    ADD CONSTRAINT cvs_localizations_links_inv_fk FOREIGN KEY (inv_cv_id) REFERENCES public.cvs(id) ON DELETE CASCADE;


--
-- Name: cvs_profile_links cvs_profile_links_fk; Type: FK CONSTRAINT; Schema: public; Owner: cvgendb
--

ALTER TABLE ONLY public.cvs_profile_links
    ADD CONSTRAINT cvs_profile_links_fk FOREIGN KEY (cv_id) REFERENCES public.cvs(id) ON DELETE CASCADE;


--
-- Name: cvs_profile_links cvs_profile_links_inv_fk; Type: FK CONSTRAINT; Schema: public; Owner: cvgendb
--

ALTER TABLE ONLY public.cvs_profile_links
    ADD CONSTRAINT cvs_profile_links_inv_fk FOREIGN KEY (profile_id) REFERENCES public.profiles(id) ON DELETE CASCADE;


--
-- Name: cvs cvs_updated_by_id_fk; Type: FK CONSTRAINT; Schema: public; Owner: cvgendb
--

ALTER TABLE ONLY public.cvs
    ADD CONSTRAINT cvs_updated_by_id_fk FOREIGN KEY (updated_by_id) REFERENCES public.admin_users(id) ON DELETE SET NULL;


--
-- Name: educations educations_created_by_id_fk; Type: FK CONSTRAINT; Schema: public; Owner: cvgendb
--

ALTER TABLE ONLY public.educations
    ADD CONSTRAINT educations_created_by_id_fk FOREIGN KEY (created_by_id) REFERENCES public.admin_users(id) ON DELETE SET NULL;


--
-- Name: educations_localizations_links educations_localizations_links_fk; Type: FK CONSTRAINT; Schema: public; Owner: cvgendb
--

ALTER TABLE ONLY public.educations_localizations_links
    ADD CONSTRAINT educations_localizations_links_fk FOREIGN KEY (education_id) REFERENCES public.educations(id) ON DELETE CASCADE;


--
-- Name: educations_localizations_links educations_localizations_links_inv_fk; Type: FK CONSTRAINT; Schema: public; Owner: cvgendb
--

ALTER TABLE ONLY public.educations_localizations_links
    ADD CONSTRAINT educations_localizations_links_inv_fk FOREIGN KEY (inv_education_id) REFERENCES public.educations(id) ON DELETE CASCADE;


--
-- Name: educations_profile_links educations_profile_links_fk; Type: FK CONSTRAINT; Schema: public; Owner: cvgendb
--

ALTER TABLE ONLY public.educations_profile_links
    ADD CONSTRAINT educations_profile_links_fk FOREIGN KEY (education_id) REFERENCES public.educations(id) ON DELETE CASCADE;


--
-- Name: educations_profile_links educations_profile_links_inv_fk; Type: FK CONSTRAINT; Schema: public; Owner: cvgendb
--

ALTER TABLE ONLY public.educations_profile_links
    ADD CONSTRAINT educations_profile_links_inv_fk FOREIGN KEY (profile_id) REFERENCES public.profiles(id) ON DELETE CASCADE;


--
-- Name: educations educations_updated_by_id_fk; Type: FK CONSTRAINT; Schema: public; Owner: cvgendb
--

ALTER TABLE ONLY public.educations
    ADD CONSTRAINT educations_updated_by_id_fk FOREIGN KEY (updated_by_id) REFERENCES public.admin_users(id) ON DELETE SET NULL;


--
-- Name: experiences experiences_created_by_id_fk; Type: FK CONSTRAINT; Schema: public; Owner: cvgendb
--

ALTER TABLE ONLY public.experiences
    ADD CONSTRAINT experiences_created_by_id_fk FOREIGN KEY (created_by_id) REFERENCES public.admin_users(id) ON DELETE SET NULL;


--
-- Name: experiences_localizations_links experiences_localizations_links_fk; Type: FK CONSTRAINT; Schema: public; Owner: cvgendb
--

ALTER TABLE ONLY public.experiences_localizations_links
    ADD CONSTRAINT experiences_localizations_links_fk FOREIGN KEY (experience_id) REFERENCES public.experiences(id) ON DELETE CASCADE;


--
-- Name: experiences_localizations_links experiences_localizations_links_inv_fk; Type: FK CONSTRAINT; Schema: public; Owner: cvgendb
--

ALTER TABLE ONLY public.experiences_localizations_links
    ADD CONSTRAINT experiences_localizations_links_inv_fk FOREIGN KEY (inv_experience_id) REFERENCES public.experiences(id) ON DELETE CASCADE;


--
-- Name: experiences_profile_links experiences_profile_links_fk; Type: FK CONSTRAINT; Schema: public; Owner: cvgendb
--

ALTER TABLE ONLY public.experiences_profile_links
    ADD CONSTRAINT experiences_profile_links_fk FOREIGN KEY (experience_id) REFERENCES public.experiences(id) ON DELETE CASCADE;


--
-- Name: experiences_profile_links experiences_profile_links_inv_fk; Type: FK CONSTRAINT; Schema: public; Owner: cvgendb
--

ALTER TABLE ONLY public.experiences_profile_links
    ADD CONSTRAINT experiences_profile_links_inv_fk FOREIGN KEY (profile_id) REFERENCES public.profiles(id) ON DELETE CASCADE;


--
-- Name: experiences experiences_updated_by_id_fk; Type: FK CONSTRAINT; Schema: public; Owner: cvgendb
--

ALTER TABLE ONLY public.experiences
    ADD CONSTRAINT experiences_updated_by_id_fk FOREIGN KEY (updated_by_id) REFERENCES public.admin_users(id) ON DELETE SET NULL;


--
-- Name: files files_created_by_id_fk; Type: FK CONSTRAINT; Schema: public; Owner: cvgendb
--

ALTER TABLE ONLY public.files
    ADD CONSTRAINT files_created_by_id_fk FOREIGN KEY (created_by_id) REFERENCES public.admin_users(id) ON DELETE SET NULL;


--
-- Name: files_folder_links files_folder_links_fk; Type: FK CONSTRAINT; Schema: public; Owner: cvgendb
--

ALTER TABLE ONLY public.files_folder_links
    ADD CONSTRAINT files_folder_links_fk FOREIGN KEY (file_id) REFERENCES public.files(id) ON DELETE CASCADE;


--
-- Name: files_folder_links files_folder_links_inv_fk; Type: FK CONSTRAINT; Schema: public; Owner: cvgendb
--

ALTER TABLE ONLY public.files_folder_links
    ADD CONSTRAINT files_folder_links_inv_fk FOREIGN KEY (folder_id) REFERENCES public.upload_folders(id) ON DELETE CASCADE;


--
-- Name: files_related_morphs files_related_morphs_fk; Type: FK CONSTRAINT; Schema: public; Owner: cvgendb
--

ALTER TABLE ONLY public.files_related_morphs
    ADD CONSTRAINT files_related_morphs_fk FOREIGN KEY (file_id) REFERENCES public.files(id) ON DELETE CASCADE;


--
-- Name: files files_updated_by_id_fk; Type: FK CONSTRAINT; Schema: public; Owner: cvgendb
--

ALTER TABLE ONLY public.files
    ADD CONSTRAINT files_updated_by_id_fk FOREIGN KEY (updated_by_id) REFERENCES public.admin_users(id) ON DELETE SET NULL;


--
-- Name: i18n_locale i18n_locale_created_by_id_fk; Type: FK CONSTRAINT; Schema: public; Owner: cvgendb
--

ALTER TABLE ONLY public.i18n_locale
    ADD CONSTRAINT i18n_locale_created_by_id_fk FOREIGN KEY (created_by_id) REFERENCES public.admin_users(id) ON DELETE SET NULL;


--
-- Name: i18n_locale i18n_locale_updated_by_id_fk; Type: FK CONSTRAINT; Schema: public; Owner: cvgendb
--

ALTER TABLE ONLY public.i18n_locale
    ADD CONSTRAINT i18n_locale_updated_by_id_fk FOREIGN KEY (updated_by_id) REFERENCES public.admin_users(id) ON DELETE SET NULL;


--
-- Name: languages languages_created_by_id_fk; Type: FK CONSTRAINT; Schema: public; Owner: cvgendb
--

ALTER TABLE ONLY public.languages
    ADD CONSTRAINT languages_created_by_id_fk FOREIGN KEY (created_by_id) REFERENCES public.admin_users(id) ON DELETE SET NULL;


--
-- Name: languages_localizations_links languages_localizations_links_fk; Type: FK CONSTRAINT; Schema: public; Owner: cvgendb
--

ALTER TABLE ONLY public.languages_localizations_links
    ADD CONSTRAINT languages_localizations_links_fk FOREIGN KEY (language_id) REFERENCES public.languages(id) ON DELETE CASCADE;


--
-- Name: languages_localizations_links languages_localizations_links_inv_fk; Type: FK CONSTRAINT; Schema: public; Owner: cvgendb
--

ALTER TABLE ONLY public.languages_localizations_links
    ADD CONSTRAINT languages_localizations_links_inv_fk FOREIGN KEY (inv_language_id) REFERENCES public.languages(id) ON DELETE CASCADE;


--
-- Name: languages_profiles_links languages_profiles_links_fk; Type: FK CONSTRAINT; Schema: public; Owner: cvgendb
--

ALTER TABLE ONLY public.languages_profiles_links
    ADD CONSTRAINT languages_profiles_links_fk FOREIGN KEY (language_id) REFERENCES public.languages(id) ON DELETE CASCADE;


--
-- Name: languages_profiles_links languages_profiles_links_inv_fk; Type: FK CONSTRAINT; Schema: public; Owner: cvgendb
--

ALTER TABLE ONLY public.languages_profiles_links
    ADD CONSTRAINT languages_profiles_links_inv_fk FOREIGN KEY (profile_id) REFERENCES public.profiles(id) ON DELETE CASCADE;


--
-- Name: languages languages_updated_by_id_fk; Type: FK CONSTRAINT; Schema: public; Owner: cvgendb
--

ALTER TABLE ONLY public.languages
    ADD CONSTRAINT languages_updated_by_id_fk FOREIGN KEY (updated_by_id) REFERENCES public.admin_users(id) ON DELETE SET NULL;


--
-- Name: profiles profiles_created_by_id_fk; Type: FK CONSTRAINT; Schema: public; Owner: cvgendb
--

ALTER TABLE ONLY public.profiles
    ADD CONSTRAINT profiles_created_by_id_fk FOREIGN KEY (created_by_id) REFERENCES public.admin_users(id) ON DELETE SET NULL;


--
-- Name: profiles_languages_links profiles_languages_links_fk; Type: FK CONSTRAINT; Schema: public; Owner: cvgendb
--

ALTER TABLE ONLY public.profiles_languages_links
    ADD CONSTRAINT profiles_languages_links_fk FOREIGN KEY (profile_id) REFERENCES public.profiles(id) ON DELETE CASCADE;


--
-- Name: profiles_languages_links profiles_languages_links_inv_fk; Type: FK CONSTRAINT; Schema: public; Owner: cvgendb
--

ALTER TABLE ONLY public.profiles_languages_links
    ADD CONSTRAINT profiles_languages_links_inv_fk FOREIGN KEY (language_id) REFERENCES public.languages(id) ON DELETE CASCADE;


--
-- Name: profiles_localizations_links profiles_localizations_links_fk; Type: FK CONSTRAINT; Schema: public; Owner: cvgendb
--

ALTER TABLE ONLY public.profiles_localizations_links
    ADD CONSTRAINT profiles_localizations_links_fk FOREIGN KEY (profile_id) REFERENCES public.profiles(id) ON DELETE CASCADE;


--
-- Name: profiles_localizations_links profiles_localizations_links_inv_fk; Type: FK CONSTRAINT; Schema: public; Owner: cvgendb
--

ALTER TABLE ONLY public.profiles_localizations_links
    ADD CONSTRAINT profiles_localizations_links_inv_fk FOREIGN KEY (inv_profile_id) REFERENCES public.profiles(id) ON DELETE CASCADE;


--
-- Name: profiles profiles_updated_by_id_fk; Type: FK CONSTRAINT; Schema: public; Owner: cvgendb
--

ALTER TABLE ONLY public.profiles
    ADD CONSTRAINT profiles_updated_by_id_fk FOREIGN KEY (updated_by_id) REFERENCES public.admin_users(id) ON DELETE SET NULL;


--
-- Name: strapi_api_token_permissions strapi_api_token_permissions_created_by_id_fk; Type: FK CONSTRAINT; Schema: public; Owner: cvgendb
--

ALTER TABLE ONLY public.strapi_api_token_permissions
    ADD CONSTRAINT strapi_api_token_permissions_created_by_id_fk FOREIGN KEY (created_by_id) REFERENCES public.admin_users(id) ON DELETE SET NULL;


--
-- Name: strapi_api_token_permissions_token_links strapi_api_token_permissions_token_links_fk; Type: FK CONSTRAINT; Schema: public; Owner: cvgendb
--

ALTER TABLE ONLY public.strapi_api_token_permissions_token_links
    ADD CONSTRAINT strapi_api_token_permissions_token_links_fk FOREIGN KEY (api_token_permission_id) REFERENCES public.strapi_api_token_permissions(id) ON DELETE CASCADE;


--
-- Name: strapi_api_token_permissions_token_links strapi_api_token_permissions_token_links_inv_fk; Type: FK CONSTRAINT; Schema: public; Owner: cvgendb
--

ALTER TABLE ONLY public.strapi_api_token_permissions_token_links
    ADD CONSTRAINT strapi_api_token_permissions_token_links_inv_fk FOREIGN KEY (api_token_id) REFERENCES public.strapi_api_tokens(id) ON DELETE CASCADE;


--
-- Name: strapi_api_token_permissions strapi_api_token_permissions_updated_by_id_fk; Type: FK CONSTRAINT; Schema: public; Owner: cvgendb
--

ALTER TABLE ONLY public.strapi_api_token_permissions
    ADD CONSTRAINT strapi_api_token_permissions_updated_by_id_fk FOREIGN KEY (updated_by_id) REFERENCES public.admin_users(id) ON DELETE SET NULL;


--
-- Name: strapi_api_tokens strapi_api_tokens_created_by_id_fk; Type: FK CONSTRAINT; Schema: public; Owner: cvgendb
--

ALTER TABLE ONLY public.strapi_api_tokens
    ADD CONSTRAINT strapi_api_tokens_created_by_id_fk FOREIGN KEY (created_by_id) REFERENCES public.admin_users(id) ON DELETE SET NULL;


--
-- Name: strapi_api_tokens strapi_api_tokens_updated_by_id_fk; Type: FK CONSTRAINT; Schema: public; Owner: cvgendb
--

ALTER TABLE ONLY public.strapi_api_tokens
    ADD CONSTRAINT strapi_api_tokens_updated_by_id_fk FOREIGN KEY (updated_by_id) REFERENCES public.admin_users(id) ON DELETE SET NULL;


--
-- Name: up_permissions up_permissions_created_by_id_fk; Type: FK CONSTRAINT; Schema: public; Owner: cvgendb
--

ALTER TABLE ONLY public.up_permissions
    ADD CONSTRAINT up_permissions_created_by_id_fk FOREIGN KEY (created_by_id) REFERENCES public.admin_users(id) ON DELETE SET NULL;


--
-- Name: up_permissions_role_links up_permissions_role_links_fk; Type: FK CONSTRAINT; Schema: public; Owner: cvgendb
--

ALTER TABLE ONLY public.up_permissions_role_links
    ADD CONSTRAINT up_permissions_role_links_fk FOREIGN KEY (permission_id) REFERENCES public.up_permissions(id) ON DELETE CASCADE;


--
-- Name: up_permissions_role_links up_permissions_role_links_inv_fk; Type: FK CONSTRAINT; Schema: public; Owner: cvgendb
--

ALTER TABLE ONLY public.up_permissions_role_links
    ADD CONSTRAINT up_permissions_role_links_inv_fk FOREIGN KEY (role_id) REFERENCES public.up_roles(id) ON DELETE CASCADE;


--
-- Name: up_permissions up_permissions_updated_by_id_fk; Type: FK CONSTRAINT; Schema: public; Owner: cvgendb
--

ALTER TABLE ONLY public.up_permissions
    ADD CONSTRAINT up_permissions_updated_by_id_fk FOREIGN KEY (updated_by_id) REFERENCES public.admin_users(id) ON DELETE SET NULL;


--
-- Name: up_roles up_roles_created_by_id_fk; Type: FK CONSTRAINT; Schema: public; Owner: cvgendb
--

ALTER TABLE ONLY public.up_roles
    ADD CONSTRAINT up_roles_created_by_id_fk FOREIGN KEY (created_by_id) REFERENCES public.admin_users(id) ON DELETE SET NULL;


--
-- Name: up_roles up_roles_updated_by_id_fk; Type: FK CONSTRAINT; Schema: public; Owner: cvgendb
--

ALTER TABLE ONLY public.up_roles
    ADD CONSTRAINT up_roles_updated_by_id_fk FOREIGN KEY (updated_by_id) REFERENCES public.admin_users(id) ON DELETE SET NULL;


--
-- Name: up_users up_users_created_by_id_fk; Type: FK CONSTRAINT; Schema: public; Owner: cvgendb
--

ALTER TABLE ONLY public.up_users
    ADD CONSTRAINT up_users_created_by_id_fk FOREIGN KEY (created_by_id) REFERENCES public.admin_users(id) ON DELETE SET NULL;


--
-- Name: up_users_role_links up_users_role_links_fk; Type: FK CONSTRAINT; Schema: public; Owner: cvgendb
--

ALTER TABLE ONLY public.up_users_role_links
    ADD CONSTRAINT up_users_role_links_fk FOREIGN KEY (user_id) REFERENCES public.up_users(id) ON DELETE CASCADE;


--
-- Name: up_users_role_links up_users_role_links_inv_fk; Type: FK CONSTRAINT; Schema: public; Owner: cvgendb
--

ALTER TABLE ONLY public.up_users_role_links
    ADD CONSTRAINT up_users_role_links_inv_fk FOREIGN KEY (role_id) REFERENCES public.up_roles(id) ON DELETE CASCADE;


--
-- Name: up_users up_users_updated_by_id_fk; Type: FK CONSTRAINT; Schema: public; Owner: cvgendb
--

ALTER TABLE ONLY public.up_users
    ADD CONSTRAINT up_users_updated_by_id_fk FOREIGN KEY (updated_by_id) REFERENCES public.admin_users(id) ON DELETE SET NULL;


--
-- Name: upload_folders upload_folders_created_by_id_fk; Type: FK CONSTRAINT; Schema: public; Owner: cvgendb
--

ALTER TABLE ONLY public.upload_folders
    ADD CONSTRAINT upload_folders_created_by_id_fk FOREIGN KEY (created_by_id) REFERENCES public.admin_users(id) ON DELETE SET NULL;


--
-- Name: upload_folders_parent_links upload_folders_parent_links_fk; Type: FK CONSTRAINT; Schema: public; Owner: cvgendb
--

ALTER TABLE ONLY public.upload_folders_parent_links
    ADD CONSTRAINT upload_folders_parent_links_fk FOREIGN KEY (folder_id) REFERENCES public.upload_folders(id) ON DELETE CASCADE;


--
-- Name: upload_folders_parent_links upload_folders_parent_links_inv_fk; Type: FK CONSTRAINT; Schema: public; Owner: cvgendb
--

ALTER TABLE ONLY public.upload_folders_parent_links
    ADD CONSTRAINT upload_folders_parent_links_inv_fk FOREIGN KEY (inv_folder_id) REFERENCES public.upload_folders(id) ON DELETE CASCADE;


--
-- Name: upload_folders upload_folders_updated_by_id_fk; Type: FK CONSTRAINT; Schema: public; Owner: cvgendb
--

ALTER TABLE ONLY public.upload_folders
    ADD CONSTRAINT upload_folders_updated_by_id_fk FOREIGN KEY (updated_by_id) REFERENCES public.admin_users(id) ON DELETE SET NULL;


--
-- PostgreSQL database dump complete
--

